week,detachments,insertions,team_name,workspace_name
2025-10-26,0,138,7_Content Solutions,07. Other Units/Initiatives
2025-10-26,0,2441,Fulfillment - FFC,05. Fulfillment
2025-10-26,0,382,6. Grow,03. Lounge
2025-10-26,0,269,3_BD_Campaign design,02. DXC
2025-10-26,0,4,3. Discover,03. Lounge
2025-10-26,0,301,3_D&I,02. DXC
2025-10-26,0,3,Design Lobby,01. Design Lobby
2025-10-26,3,8758,2_Loyalty_Plus Points Program,02. DXC
2025-10-26,26,34723,3_The Studio,02. DXC
2025-10-26,9,6249,1_CXP_All,02. DXC
2025-10-26,24,8128,Fulfillment - CuCa,05. Fulfillment
2025-10-26,5,1939,1_Payments Solutions (ZPS),02. DXC
2025-10-26,1,5541,1_Transactions,02. DXC
2025-10-26,22,52457,3_Elephant Feed,02. DXC
2025-10-26,0,183,3_BD_Identity,02. DXC
2025-10-26,1,1402,2_Size & Fit,02. DXC
2025-10-26,1,20566,3_ZDS,02. DXC
2025-10-26,0,377,ZDS NEXT LIBRARIES,02. DXC
2025-10-26,0,1,Fulfillment - Transportation,05. Fulfillment
2025-10-26,0,12,6_Zeos,06. ZEOS
2025-10-26,14,18680,3_BD_Performance design,02. DXC
2025-10-26,0,5009,1_PRSB,02. DXC
2025-10-26,4,9518,ZMS PI&D Team,04. Zalando Partner
2025-10-26,3,4620,1_FPX,02. DXC
2025-10-26,23,10765,2_Propositions,02. DXC
2025-10-26,4,35750,<Drafts>,
2025-10-26,4,988,4. Decide,03. Lounge
2025-10-26,2,855,7. LUX,03. Lounge
2025-10-19,0,836,Partner Tech - Tech & Data Foundation,04. Zalando Partner
2025-10-19,0,250,4. Decide,03. Lounge
2025-10-19,0,19,7_Content Solutions,07. Other Units/Initiatives
2025-10-19,0,7224,3_The Studio,02. DXC
2025-10-19,0,47,3. Discover,03. Lounge
2025-10-19,0,1019,2. Activate,03. Lounge
2025-10-19,0,3,ZDS NEXT LIBRARIES,02. DXC
2025-10-19,1,2145,1_PRSB,02. DXC
2025-10-19,29,4398,3_ZDS,02. DXC
2025-10-19,23,12643,Fulfillment - CuCa,05. Fulfillment
2025-10-19,3,4241,1_Payments Solutions (ZPS),02. DXC
2025-10-19,15,7687,1_Transactions,02. DXC
2025-10-19,0,11,3_BD_Identity,02. DXC
2025-10-19,0,2474,ZMS PI&D Team,04. Zalando Partner
2025-10-19,0,4,6_Zeos,06. ZEOS
2025-10-19,0,418,Partner Tech,04. Zalando Partner
2025-10-19,0,11144,3_BD_Performance design,02. DXC
2025-10-19,0,209,6. Grow,03. Lounge
2025-10-19,0,224,3_BD_Campaign design,02. DXC
2025-10-19,64,62806,<Drafts>,
2025-10-19,7,55409,2_Loyalty_Plus Points Program,02. DXC
2025-10-19,43,34324,1_CXP_All,02. DXC
2025-10-19,16,20135,2_Propositions,02. DXC
2025-10-19,5,7876,1_FPX,02. DXC
2025-10-19,2,3202,Fulfillment - FFC,05. Fulfillment
2025-10-19,1,7739,3_Elephant Feed,02. DXC
2025-10-19,1,6013,2_Size & Fit,02. DXC
2025-10-19,2,868,7. LUX,03. Lounge
2025-10-12,2,0,3. Discover,03. Lounge
2025-10-12,0,1048,3_BD_Identity,02. DXC
2025-10-12,0,90,6. Grow,03. Lounge
2025-10-12,0,2,TRADEBYTE,04. Zalando Partner
2025-10-12,0,5585,1_FPX,02. DXC
2025-10-12,0,2489,Fulfillment - CuCa,05. Fulfillment
2025-10-12,1,12837,ZMS PI&D Team,04. Zalando Partner
2025-10-12,7,9981,1_Transactions,02. DXC
2025-10-12,0,418,Partner Tech - Tech & Data Foundation,04. Zalando Partner
2025-10-12,0,385,Unified documentation,07. Other Units/Initiatives
2025-10-12,0,4652,2_Size & Fit,02. DXC
2025-10-12,0,11,7. LUX,03. Lounge
2025-10-12,0,1,Design Lobby,01. Design Lobby
2025-10-12,0,11419,3_The Studio,02. DXC
2025-10-12,16,49332,2_Propositions,02. DXC
2025-10-12,1,26240,1_PRSB,02. DXC
2025-10-12,1,39011,3_BD_Performance design,02. DXC
2025-10-12,2,6258,1_CXP_All,02. DXC
2025-10-12,39,39302,3_ZDS,02. DXC
2025-10-12,45,60137,<Drafts>,
2025-10-12,2,101173,3_Elephant Feed,02. DXC
2025-10-12,1,1563,ZDS NEXT LIBRARIES,02. DXC
2025-10-12,2,4,3_BD_Campaign design,02. DXC
2025-10-12,10,13945,1_Payments Solutions (ZPS),02. DXC
2025-10-12,93,43988,2_Loyalty_Plus Points Program,02. DXC
2025-10-12,36,31392,2. Activate,03. Lounge
2025-10-12,2,3301,Fulfillment - Transportation,05. Fulfillment
2025-10-05,0,14,6. Grow,03. Lounge
2025-10-05,0,5,Design Lobby,01. Design Lobby
2025-10-05,0,1448,Fulfillment - FFC,05. Fulfillment
2025-10-05,0,30,7. LUX,03. Lounge
2025-10-05,0,13,3_Sustainability,02. DXC
2025-10-05,0,1969,2_Size & Fit,02. DXC
2025-10-05,0,464481,3_Elephant Feed,02. DXC
2025-10-05,11,90669,3_ZDS,02. DXC
2025-10-05,2,18439,1_PRSB,02. DXC
2025-10-05,2,6087,1_FPX,02. DXC
2025-10-05,1,12666,3_The Studio,02. DXC
2025-10-05,55,6409,2_Loyalty_Plus Points Program,02. DXC
2025-10-05,11,18345,1_Payments Solutions (ZPS),02. DXC
2025-10-05,0,152,3_BD_Identity,02. DXC
2025-10-05,3,3456,2. Activate,03. Lounge
2025-10-05,0,918,Partner Tech - Tech & Data Foundation,04. Zalando Partner
2025-10-05,3,5880,ZDS NEXT LIBRARIES,02. DXC
2025-10-05,17,23162,2_Propositions,02. DXC
2025-10-05,10,101283,3_BD_Performance design,02. DXC
2025-10-05,4,1417,ZMS PI&D Team,04. Zalando Partner
2025-10-05,7,7400,1_Transactions,02. DXC
2025-10-05,82,67236,<Drafts>,
2025-10-05,4,4697,1_CXP_All,02. DXC
2025-10-05,0,405,Fulfillment - CuCa,05. Fulfillment
2025-10-05,1,1,3. Discover,03. Lounge
2025-09-28,0,8,Partner Tech,04. Zalando Partner
2025-09-28,0,314,3. Discover,03. Lounge
2025-09-28,0,160,Lounge B2E ðŸ”§,03. Lounge
2025-09-28,0,92,3_Sustainability,02. DXC
2025-09-28,1,0,3_BD_Corporate Design,02. DXC
2025-09-28,18,7605,2_Loyalty_Plus Points Program,02. DXC
2025-09-28,1,4168,1_FPX,02. DXC
2025-09-28,0,49,6. Grow,03. Lounge
2025-09-28,0,3,Design Lobby,01. Design Lobby
2025-09-28,0,820,3_BD_Identity,02. DXC
2025-09-28,12,33158,2_Propositions,02. DXC
2025-09-28,3,11719,1_PRSB,02. DXC
2025-09-28,6,32371,3_Elephant Feed,02. DXC
2025-09-28,2,12496,1_Payments Solutions (ZPS),02. DXC
2025-09-28,10,60927,<Drafts>,
2025-09-28,4,31366,3_ZDS,02. DXC
2025-09-28,0,7711,ZMS PI&D Team,04. Zalando Partner
2025-09-28,0,462,Fulfillment - CuCa,05. Fulfillment
2025-09-28,0,24326,3_BD_Performance design,02. DXC
2025-09-28,0,1,"Partner Tech - Partner Offers, Orders, Logistics, Analytics & Steering",04. Zalando Partner
2025-09-28,0,1,TRADEBYTE,04. Zalando Partner
2025-09-28,0,167,Unified documentation,07. Other Units/Initiatives
2025-09-28,2,2864,Fulfillment - FFC,05. Fulfillment
2025-09-28,2,1259,7_ZMS Creative,02. DXC
2025-09-28,10,22518,3_The Studio,02. DXC
2025-09-28,0,4865,1_Transactions,02. DXC
2025-09-28,4,44,6_Zeos,06. ZEOS
2025-09-28,28,6777,1_CXP_All,02. DXC
2025-09-28,2,3713,2_Size & Fit,02. DXC
2025-09-28,2,977,ZDS NEXT LIBRARIES,02. DXC
2025-09-21,0,321,Fulfillment - FFC,05. Fulfillment
2025-09-21,0,1276,4. Decide,03. Lounge
2025-09-21,0,20608,3_ZDS,02. DXC
2025-09-21,0,531,Fulfillment - CuCa,05. Fulfillment
2025-09-21,0,180,Partner Tech,04. Zalando Partner
2025-09-21,0,423,7_ZMS Creative,02. DXC
2025-09-21,0,158,Lounge B2E ðŸ”§,03. Lounge
2025-09-21,0,144,3_Sustainability,02. DXC
2025-09-21,17,40916,2_Propositions,02. DXC
2025-09-21,1,1045,3_BD_Performance design,02. DXC
2025-09-21,1,7494,2_Size & Fit,02. DXC
2025-09-21,1,3723,1_Payments Solutions (ZPS),02. DXC
2025-09-21,4,840,6. Grow,03. Lounge
2025-09-21,64,49675,<Drafts>,
2025-09-21,14,15170,2_Loyalty_Plus Points Program,02. DXC
2025-09-21,18,5169,ZDS NEXT LIBRARIES,02. DXC
2025-09-21,0,982,3_BD_Identity,02. DXC
2025-09-21,0,76,Unified documentation,07. Other Units/Initiatives
2025-09-21,18,7461,1_CXP_All,02. DXC
2025-09-21,0,3244,2. Activate,03. Lounge
2025-09-21,24,4230,ZMS PI&D Team,04. Zalando Partner
2025-09-21,0,4457,1_FPX,02. DXC
2025-09-21,4,209,3_D&I,02. DXC
2025-09-21,0,7003,3. Discover,03. Lounge
2025-09-21,9,26569,3_The Studio,02. DXC
2025-09-21,0,256,Design Lobby,01. Design Lobby
2025-09-21,22,17147,1_PRSB,02. DXC
2025-09-21,4,13001,3_Elephant Feed,02. DXC
2025-09-21,6,6467,1_Transactions,02. DXC
2025-09-14,0,872,2. Activate,03. Lounge
2025-09-14,0,503,3_Content Design,02. DXC
2025-09-14,0,334,3_BD_Campaign design,02. DXC
2025-09-14,0,276,Lounge B2E ðŸ”§,03. Lounge
2025-09-14,0,2159,3_BD_Performance design,02. DXC
2025-09-14,0,91,4. Decide,03. Lounge
2025-09-14,4,25498,1_PRSB,02. DXC
2025-09-14,1,5,Partner Tech - Tech & Data Foundation,04. Zalando Partner
2025-09-14,11,31814,2_Propositions,02. DXC
2025-09-14,1,10398,ZDS NEXT LIBRARIES,02. DXC
2025-09-14,22,9676,1_Transactions,02. DXC
2025-09-14,3,5986,2_Size & Fit,02. DXC
2025-09-14,2,5,Design Lobby,01. Design Lobby
2025-09-14,20,22774,1_CXP_All,02. DXC
2025-09-14,54,56401,<Drafts>,
2025-09-14,44,105148,3_ZDS,02. DXC
2025-09-14,0,1076,3_BD_Identity,02. DXC
2025-09-14,0,2293,6. Grow,03. Lounge
2025-09-14,0,481,Unified documentation,07. Other Units/Initiatives
2025-09-14,0,1312,Fulfillment - CuCa,05. Fulfillment
2025-09-14,0,10497,ZMS PI&D Team,04. Zalando Partner
2025-09-14,23,18070,3_The Studio,02. DXC
2025-09-14,1,47,Partner Tech,04. Zalando Partner
2025-09-14,0,2,3. Discover,03. Lounge
2025-09-14,1,31,3_Sustainability,02. DXC
2025-09-14,15,1245,3_D&I,02. DXC
2025-09-14,17,2612,2_Loyalty_Plus Points Program,02. DXC
2025-09-14,2,921,Fulfillment - Transportation,05. Fulfillment
2025-09-14,11,18294,3_Elephant Feed,02. DXC
2025-09-14,1,1486,1_FPX,02. DXC
2025-09-14,52,19807,1_Payments Solutions (ZPS),02. DXC
2025-09-07,0,12,Partner Tech,04. Zalando Partner
2025-09-07,0,1683,Fulfillment - Transportation,05. Fulfillment
2025-09-07,0,5,6_Zeos,06. ZEOS
2025-09-07,0,1120,ZMS PI&D Team,04. Zalando Partner
2025-09-07,0,119,6. Grow,03. Lounge
2025-09-07,23,10379,1_PRSB,02. DXC
2025-09-07,4,7764,1_Transactions,02. DXC
2025-09-07,7,30986,ZDS NEXT LIBRARIES,02. DXC
2025-09-07,23,7073,1_Payments Solutions (ZPS),02. DXC
2025-09-07,0,12,TRADEBYTE,04. Zalando Partner
2025-09-07,0,55,3_BD_Campaign design,02. DXC
2025-09-07,0,294,Unified documentation,07. Other Units/Initiatives
2025-09-07,0,46218,3_Elephant Feed,02. DXC
2025-09-07,0,39,Fulfillment - FFC,05. Fulfillment
2025-09-07,0,7325,Fulfillment - CuCa,05. Fulfillment
2025-09-07,0,1,3_BD_Corporate Design,02. DXC
2025-09-07,3,6333,1_FPX,02. DXC
2025-09-07,2,8283,2_Propositions,02. DXC
2025-09-07,0,2445,2. Activate,03. Lounge
2025-09-07,1,149,8. CFA - Overarching,03. Lounge
2025-09-07,14,11111,3_The Studio,02. DXC
2025-09-07,1,4701,3_BD_Identity,02. DXC
2025-09-07,4,92,3_D&I,02. DXC
2025-09-07,21,23555,<Drafts>,
2025-09-07,80,17666,2_Loyalty_Plus Points Program,02. DXC
2025-09-07,5,5247,3_Sustainability,02. DXC
2025-09-07,3,6966,2_Size & Fit,02. DXC
2025-09-07,3,38390,3_ZDS,02. DXC
2025-09-07,6,53679,1_CXP_All,02. DXC
2025-08-31,0,8,Lounge B2E ðŸ”§,03. Lounge
2025-08-31,0,21,3_D&I,02. DXC
2025-08-31,0,106,6_Zeos,06. ZEOS
2025-08-31,44,23091,2_Loyalty_Plus Points Program,02. DXC
2025-08-31,0,568,Fulfillment - FFC,05. Fulfillment
2025-08-31,0,456,6. Grow,03. Lounge
2025-08-31,0,3,Design Lobby,01. Design Lobby
2025-08-31,3,121,Unified documentation,07. Other Units/Initiatives
2025-08-31,6,65761,1_PRSB,02. DXC
2025-08-31,2,6281,2_Size & Fit,02. DXC
2025-08-31,1,3032,3_The Studio,02. DXC
2025-08-31,15,80693,3_Elephant Feed,02. DXC
2025-08-31,4,270,Fulfillment - CuCa,05. Fulfillment
2025-08-31,14,89591,1_CXP_All,02. DXC
2025-08-31,2,5398,1_Payments Solutions (ZPS),02. DXC
2025-08-31,2,6656,Fulfillment - Transportation,05. Fulfillment
2025-08-31,4,509,2. Activate,03. Lounge
2025-08-31,0,1417,3_BD_Identity,02. DXC
2025-08-31,1,0,3_BD_Corporate Design,02. DXC
2025-08-31,0,257,3_BD_Campaign design,02. DXC
2025-08-31,0,9340,3_Sustainability,02. DXC
2025-08-31,0,10,3. Discover,03. Lounge
2025-08-31,0,26823,ZDS NEXT LIBRARIES,02. DXC
2025-08-31,52,50990,<Drafts>,
2025-08-31,26,14222,1_Transactions,02. DXC
2025-08-31,7,4139,ZMS PI&D Team,04. Zalando Partner
2025-08-31,22,21985,2_Propositions,02. DXC
2025-08-31,1,5149,1_FPX,02. DXC
2025-08-31,16,14243,3_ZDS,02. DXC
2025-08-24,0,586,7_ZMS Creative,02. DXC
2025-08-24,0,3594,2_Loyalty_Plus Points Program,02. DXC
2025-08-24,0,474,6. Grow,03. Lounge
2025-08-24,0,36,Lounge B2E ðŸ”§,03. Lounge
2025-08-24,0,59,6_Zeos,06. ZEOS
2025-08-24,0,225,Partner Tech - Tech & Data Foundation,04. Zalando Partner
2025-08-24,0,12,TRADEBYTE,04. Zalando Partner
2025-08-24,0,426,3_D&I,02. DXC
2025-08-24,0,1,5. Convert,03. Lounge
2025-08-24,0,54,Fulfillment - CuCa,05. Fulfillment
2025-08-24,0,353,Unified documentation,07. Other Units/Initiatives
2025-08-24,0,1,Design Lobby,01. Design Lobby
2025-08-24,6,5921,3_ZDS,02. DXC
2025-08-24,6,4689,3_BD_Campaign design,02. DXC
2025-08-24,2,2419,3_The Studio,02. DXC
2025-08-24,38,48874,<Drafts>,
2025-08-24,1,24675,ZDS NEXT LIBRARIES,02. DXC
2025-08-24,1,164,2. Activate,03. Lounge
2025-08-24,0,7403,2_Size & Fit,02. DXC
2025-08-24,0,40,3_Statement Release - M2,02. DXC
2025-08-24,7,9719,Fulfillment - Transportation,05. Fulfillment
2025-08-24,0,2886,3_BD_Identity,02. DXC
2025-08-24,0,514,Fulfillment - FFC,05. Fulfillment
2025-08-24,12,16826,2_Propositions,02. DXC
2025-08-24,1,0,3_BD_Performance design,02. DXC
2025-08-24,3,4496,ZMS PI&D Team,04. Zalando Partner
2025-08-24,8,81431,1_CXP_All,02. DXC
2025-08-24,6,48732,1_PRSB,02. DXC
2025-08-24,0,2963,1_Transactions,02. DXC
2025-08-24,4,23825,1_FPX,02. DXC
2025-08-24,12,10408,1_Payments Solutions (ZPS),02. DXC
2025-08-24,8,45609,3_Elephant Feed,02. DXC
2025-08-17,0,360,Unified documentation,07. Other Units/Initiatives
2025-08-17,0,76,Lounge B2E ðŸ”§,03. Lounge
2025-08-17,0,16,ZDS theme libraries (TEST),02. DXC
2025-08-17,0,132,3_Statement Release - M2,02. DXC
2025-08-17,0,52,6_Zeos,06. ZEOS
2025-08-17,0,586,7_ZMS Creative,02. DXC
2025-08-17,7,12354,1_CXP_All,02. DXC
2025-08-17,0,3698,3_BD_Campaign design,02. DXC
2025-08-17,23,17560,2_Loyalty_Plus Points Program,02. DXC
2025-08-17,0,3497,Fulfillment - CuCa,05. Fulfillment
2025-08-17,8,33609,1_PRSB,02. DXC
2025-08-17,15,16772,2_Propositions,02. DXC
2025-08-17,0,87,2_Plus Membership (Phasing out),02. DXC
2025-08-17,4,6524,ZMS PI&D Team,04. Zalando Partner
2025-08-17,5,42819,<Drafts>,
2025-08-17,0,1134,3_BD_Performance design,02. DXC
2025-08-17,7,21448,1_FPX,02. DXC
2025-08-17,4,14493,ZDS NEXT LIBRARIES,02. DXC
2025-08-17,0,16,2. Activate,03. Lounge
2025-08-17,6,46,3_BD_Corporate Design,02. DXC
2025-08-17,0,2,Design Lobby,01. Design Lobby
2025-08-17,0,2839,Fulfillment - FFC,05. Fulfillment
2025-08-17,0,172,3_BD_Identity,02. DXC
2025-08-17,0,47,7. LUX,03. Lounge
2025-08-17,0,2,3_Sustainability,02. DXC
2025-08-17,0,656,3_D&I,02. DXC
2025-08-17,6,8845,2_Size & Fit,02. DXC
2025-08-17,3,1990,Fulfillment - Transportation,05. Fulfillment
2025-08-17,5,8727,1_Transactions,02. DXC
2025-08-17,49,1180,3_ZDS,02. DXC
2025-08-17,1,4,3. Discover,03. Lounge
2025-08-17,43,7417,1_Payments Solutions (ZPS),02. DXC
2025-08-17,18,61359,3_Elephant Feed,02. DXC
2025-08-17,12,12843,3_The Studio,02. DXC
2025-08-10,0,2753,7_ZMS Creative,02. DXC
2025-08-10,0,54508,1_PRSB,02. DXC
2025-08-10,0,5,Partner Tech,04. Zalando Partner
2025-08-10,0,58,ZMS Landing page,04. Zalando Partner
2025-08-10,0,139,2. Activate,03. Lounge
2025-08-10,9,25689,2_Propositions,02. DXC
2025-08-10,1,235,3_D&I,02. DXC
2025-08-10,3,12840,2_Size & Fit,02. DXC
2025-08-10,207,43560,1_CXP_All,02. DXC
2025-08-10,10,91,6_Zeos,06. ZEOS
2025-08-10,4,2036,3_ZDS,02. DXC
2025-08-10,0,2721,3_BD_Performance design,02. DXC
2025-08-10,0,976,3_BD_Identity,02. DXC
2025-08-10,0,24,Lounge B2E ðŸ”§,03. Lounge
2025-08-10,0,2423,Fulfillment - Transportation,05. Fulfillment
2025-08-10,3,6123,1_Payments Solutions (ZPS),02. DXC
2025-08-10,0,3,4. Decide,03. Lounge
2025-08-10,2,0,TRADEBYTE,04. Zalando Partner
2025-08-10,0,488,3_BD_Campaign design,02. DXC
2025-08-10,0,1095,Design Lobby,01. Design Lobby
2025-08-10,0,440,Fulfillment - FFC,05. Fulfillment
2025-08-10,18,16479,3_The Studio,02. DXC
2025-08-10,3,26867,1_FPX,02. DXC
2025-08-10,12,14404,ZMS PI&D Team,04. Zalando Partner
2025-08-10,3,4791,1_Transactions,02. DXC
2025-08-10,16,27100,<Drafts>,
2025-08-10,25,15673,ZDS NEXT LIBRARIES,02. DXC
2025-08-10,50,18384,2_Loyalty_Plus Points Program,02. DXC
2025-08-10,17,133834,3_Elephant Feed,02. DXC
2025-08-03,0,442,3_D&I,02. DXC
2025-08-03,0,1620,Lounge B2E ðŸ”§,03. Lounge
2025-08-03,0,15,3_Content Design,02. DXC
2025-08-03,0,95,2_Plus Membership (Phasing out),02. DXC
2025-08-03,0,51,Design Lobby,01. Design Lobby
2025-08-03,4,41124,1_PRSB,02. DXC
2025-08-03,9,24544,2_Propositions,02. DXC
2025-08-03,53,74275,<Drafts>,
2025-08-03,4,8073,3_BD_Campaign design,02. DXC
2025-08-03,16,5477,7_ZMS Creative,02. DXC
2025-08-03,1,5457,1_Transactions,02. DXC
2025-08-03,5,8190,3_ZDS,02. DXC
2025-08-03,51,5288,2_Loyalty_Plus Points Program,02. DXC
2025-08-03,4,19519,1_Payments Solutions (ZPS),02. DXC
2025-08-03,24,39534,1_CXP_All,02. DXC
2025-08-03,7,6130,2_Size & Fit,02. DXC
2025-08-03,3,3253,Fulfillment - CuCa,05. Fulfillment
2025-08-03,0,1515,3_BD_Identity,02. DXC
2025-08-03,0,109,Fulfillment - FFC,05. Fulfillment
2025-08-03,0,73,7. LUX,03. Lounge
2025-08-03,6,12590,3_The Studio,02. DXC
2025-08-03,2,1152,ZMS PI&D Team,04. Zalando Partner
2025-08-03,4,36839,1_FPX,02. DXC
2025-08-03,12,214355,3_Elephant Feed,02. DXC
2025-07-27,0,545,7_ZMS Creative,02. DXC
2025-07-27,0,1,Partner Tech,04. Zalando Partner
2025-07-27,0,20,3_D&I,02. DXC
2025-07-27,0,1159,TRADEBYTE,04. Zalando Partner
2025-07-27,0,600,Lounge B2E ðŸ”§,03. Lounge
2025-07-27,0,5,Collabary,04. Zalando Partner
2025-07-27,0,1356,ZDS NEXT LIBRARIES,02. DXC
2025-07-27,2,0,3_BD_Corporate Design,02. DXC
2025-07-27,25,33939,1_CXP_All,02. DXC
2025-07-27,6,29883,1_PRSB,02. DXC
2025-07-27,20,29647,1_FPX,02. DXC
2025-07-27,24,80872,<Drafts>,
2025-07-27,0,8236,2_Size & Fit,02. DXC
2025-07-27,0,237,3_BD_Identity,02. DXC
2025-07-27,0,55,Fulfillment - FFC,05. Fulfillment
2025-07-27,2,3,Design Lobby,01. Design Lobby
2025-07-27,0,1546,1_Payments Solutions (ZPS),02. DXC
2025-07-27,0,8,3. Discover,03. Lounge
2025-07-27,0,40,2. Activate,03. Lounge
2025-07-27,9,102059,3_The Studio,02. DXC
2025-07-27,5,8803,2_Propositions,02. DXC
2025-07-27,25,35725,3_BD_Campaign design,02. DXC
2025-07-27,2,8036,1_Transactions,02. DXC
2025-07-27,1,2273,2_Loyalty_Plus Points Program,02. DXC
2025-07-27,14,13674,3_ZDS,02. DXC
2025-07-27,1,124045,3_Elephant Feed,02. DXC
2025-07-20,0,1172,3_BD_Identity,02. DXC
2025-07-20,0,5,4. Decide,03. Lounge
2025-07-20,0,233,3_D&I,02. DXC
2025-07-20,0,7,Collabary,04. Zalando Partner
2025-07-20,0,2,Design Lobby,01. Design Lobby
2025-07-20,0,161,Fulfillment - FFC,05. Fulfillment
2025-07-20,31,9391,2_Propositions,02. DXC
2025-07-20,5,14246,2_Size & Fit,02. DXC
2025-07-20,12,36302,1_FPX,02. DXC
2025-07-20,11,67678,3_Elephant Feed,02. DXC
2025-07-20,81,37540,<Drafts>,
2025-07-20,7,7728,1_Payments Solutions (ZPS),02. DXC
2025-07-20,0,876,Lounge B2E ðŸ”§,03. Lounge
2025-07-20,0,3288,ZMS PI&D Team,04. Zalando Partner
2025-07-20,0,224,3_Sustainability,02. DXC
2025-07-20,0,643,3_BD_Campaign design,02. DXC
2025-07-20,0,72,8. CFA - Overarching,03. Lounge
2025-07-20,0,600,7_ZMS Creative,02. DXC
2025-07-20,0,3412,2_Loyalty_Plus Points Program,02. DXC
2025-07-20,0,40,7. LUX,03. Lounge
2025-07-20,0,22,TRADEBYTE,04. Zalando Partner
2025-07-20,0,25,2. Activate,03. Lounge
2025-07-20,13,33264,1_PRSB,02. DXC
2025-07-20,0,1234,Fulfillment - CuCa,05. Fulfillment
2025-07-20,0,2141,1_Transactions,02. DXC
2025-07-20,25,90270,3_The Studio,02. DXC
2025-07-20,44,65655,3_ZDS,02. DXC
2025-07-20,9,11078,ZDS NEXT LIBRARIES,02. DXC
2025-07-20,107,28811,1_CXP_All,02. DXC
2025-07-13,0,489,3_Sustainability,02. DXC
2025-07-13,0,197,ZMS PI&D Team,04. Zalando Partner
2025-07-13,0,1836,1_Payments Solutions (ZPS),02. DXC
2025-07-13,0,3,6. Grow,03. Lounge
2025-07-13,0,92,3_D&I,02. DXC
2025-07-13,2,6978,2_Propositions,02. DXC
2025-07-13,2,2657,1_Transactions,02. DXC
2025-07-13,0,6621,1_FPX,02. DXC
2025-07-13,6,9031,3_The Studio,02. DXC
2025-07-13,35,30934,<Drafts>,
2025-07-13,1,331,Fulfillment - CuCa,05. Fulfillment
2025-07-13,0,676,Lounge B2E ðŸ”§,03. Lounge
2025-07-13,4,36895,3_Elephant Feed,02. DXC
2025-07-13,13,6442,ZDS NEXT LIBRARIES,02. DXC
2025-07-13,8,6643,3_ZDS,02. DXC
2025-07-13,0,250,3_BD_Identity,02. DXC
2025-07-13,0,131,8. CFA - Overarching,03. Lounge
2025-07-13,0,112,Fulfillment - FFC,05. Fulfillment
2025-07-13,0,21,7. LUX,03. Lounge
2025-07-13,0,9,TRADEBYTE,04. Zalando Partner
2025-07-13,0,9,2. Activate,03. Lounge
2025-07-13,0,8825,2_Size & Fit,02. DXC
2025-07-13,0,58,3_BD_Campaign design,02. DXC
2025-07-13,1,6074,2_Loyalty_Plus Points Program,02. DXC
2025-07-13,11,2085,7_ZMS Creative,02. DXC
2025-07-13,8,23757,1_PRSB,02. DXC
2025-07-13,19,19880,1_CXP_All,02. DXC
2025-07-06,0,3,3_BD_Identity,02. DXC
2025-07-06,0,749,ZMS PI&D Team,04. Zalando Partner
2025-07-06,0,4,7. LUX,03. Lounge
2025-07-06,21,39497,1_FPX,02. DXC
2025-07-06,0,548,3_BD_Campaign design,02. DXC
2025-07-06,0,14752,3_Elephant Feed,02. DXC
2025-07-06,0,8043,2_Loyalty_Plus Points Program,02. DXC
2025-07-06,0,14,TRADEBYTE,04. Zalando Partner
2025-07-06,40,77004,<Drafts>,
2025-07-06,0,2181,1_Transactions,02. DXC
2025-07-06,3,3170,3_ZDS,02. DXC
2025-07-06,2,314,6. Grow,03. Lounge
2025-07-06,9,16088,2_Size & Fit,02. DXC
2025-07-06,0,12,Lounge B2E ðŸ”§,03. Lounge
2025-07-06,6,6324,Fulfillment - CuCa,05. Fulfillment
2025-07-06,0,1770,7_ZMS Creative,02. DXC
2025-07-06,0,18,Design Lobby,01. Design Lobby
2025-07-06,0,191,2. Activate,03. Lounge
2025-07-06,2,32356,1_PRSB,02. DXC
2025-07-06,2,15065,1_CXP_All,02. DXC
2025-07-06,34,22882,3_The Studio,02. DXC
2025-07-06,6,2564,2_Propositions,02. DXC
2025-07-06,7,6155,3_Sustainability,02. DXC
2025-07-06,8,4649,1_Payments Solutions (ZPS),02. DXC
2025-06-29,0,15017,3_The Studio,02. DXC
2025-06-29,0,92,Fulfillment - FFC,05. Fulfillment
2025-06-29,0,9,CRM_Lounge,03. Lounge
2025-06-29,0,315,ZDS NEXT LIBRARIES,02. DXC
2025-06-29,0,5008,Lounge B2E ðŸ”§,03. Lounge
2025-06-29,0,473,3_BD_Identity,02. DXC
2025-06-29,0,30,TRADEBYTE,04. Zalando Partner
2025-06-29,0,128,6. Grow,03. Lounge
2025-06-29,2,1918,3_Sustainability,02. DXC
2025-06-29,6,6155,2_Size & Fit,02. DXC
2025-06-29,9,31641,1_FPX,02. DXC
2025-06-29,1,3176,Fulfillment - CuCa,05. Fulfillment
2025-06-29,1,7554,3_Elephant Feed,02. DXC
2025-06-29,0,1071,7_ZMS Creative,02. DXC
2025-06-29,0,93,Fulfillment â€“ WMS,05. Fulfillment
2025-06-29,0,32,7_Content Solutions,07. Other Units/Initiatives
2025-06-29,1,0,3_BD_Corporate Design,02. DXC
2025-06-29,0,49,3_ZDS,02. DXC
2025-06-29,0,3004,2_Loyalty_Plus Points Program,02. DXC
2025-06-29,0,38,Design Lobby,01. Design Lobby
2025-06-29,0,53,2. Activate,03. Lounge
2025-06-29,0,326,3_BD_Performance design,02. DXC
2025-06-29,12,77754,1_PRSB,02. DXC
2025-06-29,22,39910,<Drafts>,
2025-06-29,1,2596,1_Payments Solutions (ZPS),02. DXC
2025-06-29,6,14240,1_CXP_All,02. DXC
2025-06-29,0,11326,1_Transactions,02. DXC
2025-06-29,2,567,ZMS PI&D Team,04. Zalando Partner
2025-06-29,7,12230,2_Propositions,02. DXC
2025-06-22,0,7,3_BD_Identity,02. DXC
2025-06-22,0,11,7. LUX,03. Lounge
2025-06-22,0,8,4. Decide,03. Lounge
2025-06-22,0,1,5. Convert,03. Lounge
2025-06-22,0,515,3_BD_Performance design,02. DXC
2025-06-22,0,17,TRADEBYTE,04. Zalando Partner
2025-06-22,0,1015,6. Grow,03. Lounge
2025-06-22,0,1830,3_Elephant Feed,02. DXC
2025-06-22,0,30,3. Discover,03. Lounge
2025-06-22,1,244,ZMS PI&D Team,04. Zalando Partner
2025-06-22,0,1123,3_BD_Campaign design,02. DXC
2025-06-22,0,208,2. Activate,03. Lounge
2025-06-22,0,4,Design Lobby,01. Design Lobby
2025-06-22,7,3749,3_Sustainability,02. DXC
2025-06-22,3,1902,1_Payments Solutions (ZPS),02. DXC
2025-06-22,9,5786,3_ZDS,02. DXC
2025-06-22,1,5560,Fulfillment - CuCa,05. Fulfillment
2025-06-22,3,37206,1_FPX,02. DXC
2025-06-22,7,5703,ZDS NEXT LIBRARIES,02. DXC
2025-06-22,0,113,3_D&I,02. DXC
2025-06-22,0,158,Fulfillment - Transportation,05. Fulfillment
2025-06-22,0,500,Lounge B2E ðŸ”§,03. Lounge
2025-06-22,0,2,Partner Tech,04. Zalando Partner
2025-06-22,49,6906,2_Propositions,02. DXC
2025-06-22,45,29042,1_PRSB,02. DXC
2025-06-22,50,1608,7_ZMS Creative,02. DXC
2025-06-22,0,9052,1_Transactions,02. DXC
2025-06-22,42,30291,1_CXP_All,02. DXC
2025-06-22,1,3455,2_Loyalty_Plus Points Program,02. DXC
2025-06-22,17,46919,3_The Studio,02. DXC
2025-06-22,48,38182,<Drafts>,
2025-06-22,5,2851,2_Size & Fit,02. DXC
2025-06-15,0,1172,1_Payments Solutions (ZPS),02. DXC
2025-06-15,0,4,TRADEBYTE,04. Zalando Partner
2025-06-15,0,74,7. LUX,03. Lounge
2025-06-15,30,8609,2_Propositions,02. DXC
2025-06-15,1,512,3_BD_Performance design,02. DXC
2025-06-15,4,18038,3_The Studio,02. DXC
2025-06-15,4,9407,1_Transactions,02. DXC
2025-06-15,2,4893,3_Sustainability,02. DXC
2025-06-15,15,29349,1_FPX,02. DXC
2025-06-15,4,5918,2_Loyalty_Plus Points Program,02. DXC
2025-06-15,0,566,ZMS PI&D Team,04. Zalando Partner
2025-06-15,0,90,3_BD_Identity,02. DXC
2025-06-15,0,1,Partner Tech,04. Zalando Partner
2025-06-15,0,428,Fulfillment - CuCa,05. Fulfillment
2025-06-15,0,650,Lounge B2E ðŸ”§,03. Lounge
2025-06-15,0,1,ZDS theme libraries (TEST),02. DXC
2025-06-15,0,268,2. Activate,03. Lounge
2025-06-15,0,1,3_BD_Campaign design,02. DXC
2025-06-15,0,63,3. Discover,03. Lounge
2025-06-15,31,43072,1_PRSB,02. DXC
2025-06-15,0,122,4. Decide,03. Lounge
2025-06-15,0,14,CRM_Lounge,03. Lounge
2025-06-15,4,1868,3_Elephant Feed,02. DXC
2025-06-15,23,8567,1_CXP_All,02. DXC
2025-06-15,25,39482,<Drafts>,
2025-06-15,51,68,2_Plus Membership (Phasing out),02. DXC
2025-06-15,4,12592,ZDS NEXT LIBRARIES,02. DXC
2025-06-15,1,175,2_Size & Fit,02. DXC
2025-06-15,11,19465,3_ZDS,02. DXC
2025-06-08,0,1298,3_BD_Campaign design,02. DXC
2025-06-08,0,3681,1_Payments Solutions (ZPS),02. DXC
2025-06-08,25,11700,2_Propositions,02. DXC
2025-06-08,1,60,2. Activate,03. Lounge
2025-06-08,22,13806,3_The Studio,02. DXC
2025-06-08,2,6499,2_Loyalty_Plus Points Program,02. DXC
2025-06-08,0,14,7. LUX,03. Lounge
2025-06-08,44,28782,1_PRSB,02. DXC
2025-06-08,5,4771,2_Plus Membership (Phasing out),02. DXC
2025-06-08,10,7169,1_CXP_All,02. DXC
2025-06-08,2,1447,3_Sustainability,02. DXC
2025-06-08,1,760,2_Size & Fit,02. DXC
2025-06-08,38,22988,<Drafts>,
2025-06-08,0,5,3_BD_Identity,02. DXC
2025-06-08,0,1,Partner Tech,04. Zalando Partner
2025-06-08,0,14,CRM_Lounge,03. Lounge
2025-06-08,0,577,Lounge B2E ðŸ”§,03. Lounge
2025-06-08,0,142,3_BD_Performance design,02. DXC
2025-06-08,3,21430,1_FPX,02. DXC
2025-06-08,0,1,3_D&I,02. DXC
2025-06-08,2,13739,1_Transactions,02. DXC
2025-06-08,35,30416,3_ZDS,02. DXC
2025-06-08,1,441,ZMS PI&D Team,04. Zalando Partner
2025-06-08,10,13689,3_Elephant Feed,02. DXC
2025-06-08,10,4442,ZDS NEXT LIBRARIES,02. DXC
2025-06-01,0,779,2_Loyalty_Plus Points Program,02. DXC
2025-06-01,0,78,Lounge B2E ðŸ”§,03. Lounge
2025-06-01,0,304,3_BD_Performance design,02. DXC
2025-06-01,0,1210,7_ZMS Creative,02. DXC
2025-06-01,17,19698,2_Propositions,02. DXC
2025-06-01,0,842,2_Size & Fit,02. DXC
2025-06-01,2,2693,1_Transactions,02. DXC
2025-06-01,15,17733,<Drafts>,
2025-06-01,12,14683,3_The Studio,02. DXC
2025-06-01,127,50775,1_PRSB,02. DXC
2025-06-01,3,461,2_Plus Membership (Phasing out),02. DXC
2025-06-01,19,26523,1_FPX,02. DXC
2025-06-01,1,313,1_Payments Solutions (ZPS),02. DXC
2025-06-01,1,156,2. Activate,03. Lounge
2025-06-01,0,14,3. Discover,03. Lounge
2025-06-01,5,3732,ZDS NEXT LIBRARIES,02. DXC
2025-06-01,0,65,3_D&I,02. DXC
2025-06-01,0,2,Unified documentation,07. Other Units/Initiatives
2025-06-01,0,1,Design Lobby,01. Design Lobby
2025-06-01,4,2430,ZMS PI&D Team,04. Zalando Partner
2025-06-01,33,8131,3_Sustainability,02. DXC
2025-06-01,0,233,Partner Tech,04. Zalando Partner
2025-06-01,36,24863,3_ZDS,02. DXC
2025-06-01,4,6571,3_Elephant Feed,02. DXC
2025-06-01,4,6030,1_CXP_All,02. DXC
2025-06-01,1,2055,Fulfillment - CuCa,05. Fulfillment
2025-06-01,27,505,Team not visible,
2025-05-25,0,2825,2_Loyalty_Plus Points Program,02. DXC
2025-05-25,0,1599,7_ZMS Creative,02. DXC
2025-05-25,0,104,7. LUX,03. Lounge
2025-05-25,0,109,Fulfillment - FFC,05. Fulfillment
2025-05-25,8,18332,<Drafts>,
2025-05-25,0,278,"Partner Tech - Partner Offers, Orders, Logistics, Analytics & Steering",04. Zalando Partner
2025-05-25,0,7,2. Activate,03. Lounge
2025-05-25,0,11,ZMS PI&D Team,04. Zalando Partner
2025-05-25,7,13985,1_FPX,02. DXC
2025-05-25,1,6519,2_Propositions,02. DXC
2025-05-25,4,189,3_Sustainability,02. DXC
2025-05-25,10,157,3_BD_Identity,02. DXC
2025-05-25,13,6872,1_CXP_All,02. DXC
2025-05-25,46,42940,3_ZDS,02. DXC
2025-05-25,0,714,3_Elephant Feed,02. DXC
2025-05-25,0,6,4. Decide,03. Lounge
2025-05-25,115,35921,1_PRSB,02. DXC
2025-05-25,0,9701,1_Payments Solutions (ZPS),02. DXC
2025-05-25,0,2600,Fulfillment - CuCa,05. Fulfillment
2025-05-25,0,132,1_Transactions,02. DXC
2025-05-25,5,6587,2_Size & Fit,02. DXC
2025-05-25,1,12259,3_The Studio,02. DXC
2025-05-25,54,6735,Team not visible,
2025-05-25,12,9628,ZDS NEXT LIBRARIES,02. DXC
2025-05-18,0,17,3_BD_Identity,02. DXC
2025-05-18,0,8018,3_Elephant Feed,02. DXC
2025-05-18,0,884,2_Loyalty_Plus Points Program,02. DXC
2025-05-18,0,19,Design Lobby,01. Design Lobby
2025-05-18,5,32,ZMS PI&D Team,04. Zalando Partner
2025-05-18,0,1608,1_Payments Solutions (ZPS),02. DXC
2025-05-18,38,31097,3_The Studio,02. DXC
2025-05-18,3,935,Team not visible,
2025-05-18,6,9112,1_FPX,02. DXC
2025-05-18,1,2578,2_Size & Fit,02. DXC
2025-05-18,17,28520,<Drafts>,
2025-05-18,46,3690,ZDS NEXT LIBRARIES,02. DXC
2025-05-18,5,2841,3_Sustainability,02. DXC
2025-05-18,15,14330,3_ZDS,02. DXC
2025-05-18,5,17785,1_CXP_All,02. DXC
2025-05-18,0,1,6_Zeos,06. ZEOS
2025-05-18,0,7,3_BD_Campaign design,02. DXC
2025-05-18,0,217,3_BD_Performance design,02. DXC
2025-05-18,0,36,2. Activate,03. Lounge
2025-05-18,12,9371,2_Propositions,02. DXC
2025-05-18,0,136,4. Decide,03. Lounge
2025-05-18,13,19358,1_PRSB,02. DXC
2025-05-18,0,5551,1_Transactions,02. DXC
2025-05-18,3,1433,Fulfillment - CuCa,05. Fulfillment
2025-05-11,0,71,3_BD_Identity,02. DXC
2025-05-11,0,2,6_Zeos,06. ZEOS
2025-05-11,0,2,2. Activate,03. Lounge
2025-05-11,2,792,2_Loyalty_Plus Points Program,02. DXC
2025-05-11,3,10909,1_FPX,02. DXC
2025-05-11,1,9,ZMS PI&D Team,04. Zalando Partner
2025-05-11,25,16757,3_The Studio,02. DXC
2025-05-11,13,8756,3_Sustainability,02. DXC
2025-05-11,1,1262,ZDS NEXT LIBRARIES,02. DXC
2025-05-11,0,5430,1_Transactions,02. DXC
2025-05-11,23,30861,3_ZDS,02. DXC
2025-05-11,0,538,4. Decide,03. Lounge
2025-05-11,2,5754,Fulfillment - CuCa,05. Fulfillment
2025-05-11,5,28838,3_Elephant Feed,02. DXC
2025-05-11,0,137,3_BD_Performance design,02. DXC
2025-05-11,0,65,1_Payments Solutions (ZPS),02. DXC
2025-05-11,0,29,7. LUX,03. Lounge
2025-05-11,0,16,8. CFA - Overarching,03. Lounge
2025-05-11,0,49,3_BD_Campaign design,02. DXC
2025-05-11,0,345,Partner Tech - Tech & Data Foundation,04. Zalando Partner
2025-05-11,8,6539,2_Propositions,02. DXC
2025-05-11,38,61704,<Drafts>,
2025-05-11,4,6995,1_PRSB,02. DXC
2025-05-11,9,8158,1_CXP_All,02. DXC
2025-05-11,2,3959,2_Size & Fit,02. DXC
2025-05-04,1,0,3_BD_Campaign design,02. DXC
2025-05-04,0,5796,1_PRSB,02. DXC
2025-05-04,0,30,Partner Tech - Tech & Data Foundation,04. Zalando Partner
2025-05-04,0,53,3_Content Design,02. DXC
2025-05-04,0,38,Unified documentation,07. Other Units/Initiatives
2025-05-04,0,20,3_D&I,02. DXC
2025-05-04,0,4,1_Payments Solutions (ZPS),02. DXC
2025-05-04,27,5643,2_Propositions,02. DXC
2025-05-04,28,38121,3_ZDS,02. DXC
2025-05-04,1,1065,Team not visible,
2025-05-04,2,562,1_Transactions,02. DXC
2025-05-04,15,14906,3_The Studio,02. DXC
2025-05-04,2,2820,2_Loyalty_Plus Points Program,02. DXC
2025-05-04,0,2760,ZDS NEXT LIBRARIES,02. DXC
2025-05-04,0,263,3_BD_Identity,02. DXC
2025-05-04,0,198,8. CFA - Overarching,03. Lounge
2025-05-04,0,326,Lounge B2E ðŸ”§,03. Lounge
2025-05-04,0,9,6. Grow,03. Lounge
2025-05-04,52,20887,<Drafts>,
2025-05-04,1,677,3_BD_Performance design,02. DXC
2025-05-04,3,13248,1_FPX,02. DXC
2025-05-04,47,7576,3_Sustainability,02. DXC
2025-05-04,14,21919,1_CXP_All,02. DXC
2025-05-04,8,4066,2_Size & Fit,02. DXC
2025-05-04,12,92113,3_Elephant Feed,02. DXC
2025-05-04,1,4312,Fulfillment - CuCa,05. Fulfillment
2025-04-27,0,36,Fulfillment - FFC,05. Fulfillment
2025-04-27,0,274,3_D&I,02. DXC
2025-04-27,0,1676,1_Payments Solutions (ZPS),02. DXC
2025-04-27,8,2626,2_Size & Fit,02. DXC
2025-04-27,1,2565,1_PRSB,02. DXC
2025-04-27,22,7057,1_CXP_All,02. DXC
2025-04-27,10,693,3_BD_Identity,02. DXC
2025-04-27,5,8309,ZDS NEXT LIBRARIES,02. DXC
2025-04-27,2,716,Fulfillment - CuCa,05. Fulfillment
2025-04-27,0,18,2. Activate,03. Lounge
2025-04-27,13,11328,2_Propositions,02. DXC
2025-04-27,0,156,Team not visible,
2025-04-27,0,895,2_Loyalty_Plus Points Program,02. DXC
2025-04-27,0,5438,3_The Studio,02. DXC
2025-04-27,1,4330,3_BD_Performance design,02. DXC
2025-04-27,1,7129,3_Sustainability,02. DXC
2025-04-27,0,1986,Partner Tech - Tech & Data Foundation,04. Zalando Partner
2025-04-27,11,17473,<Drafts>,
2025-04-27,8,23375,1_FPX,02. DXC
2025-04-27,8,26683,3_ZDS,02. DXC
2025-04-27,22,27986,3_Elephant Feed,02. DXC
2025-04-20,0,31,7. LUX,03. Lounge
2025-04-20,0,2,6_Zeos,06. ZEOS
2025-04-20,0,1435,7_ZMS Creative,02. DXC
2025-04-20,0,128,1_Payments Solutions (ZPS),02. DXC
2025-04-20,0,237,ZMS PI&D Team,04. Zalando Partner
2025-04-20,0,1234,ZMS Landing page,04. Zalando Partner
2025-04-20,0,38,3_Statement Release - M2,02. DXC
2025-04-20,0,192,Lounge B2E ðŸ”§,03. Lounge
2025-04-20,0,45,Team not visible,
2025-04-20,0,99,2. Activate,03. Lounge
2025-04-20,15,56037,1_FPX,02. DXC
2025-04-20,17,16950,3_ZDS,02. DXC
2025-04-20,6,4024,2_Size & Fit,02. DXC
2025-04-20,51,29425,<Drafts>,
2025-04-20,127,28572,3_Elephant Feed,02. DXC
2025-04-20,30,32938,1_CXP_All,02. DXC
2025-04-20,0,76,1_Transactions,02. DXC
2025-04-20,4,1229,Fulfillment - CuCa,05. Fulfillment
2025-04-20,0,1430,3_BD_Identity,02. DXC
2025-04-20,0,10,Partner Tech - Tech & Data Foundation,04. Zalando Partner
2025-04-20,0,34,Unified documentation,07. Other Units/Initiatives
2025-04-20,0,377,ZDS theme libraries (TEST),02. DXC
2025-04-20,0,1,4. Decide,03. Lounge
2025-04-20,1,2109,1_PRSB,02. DXC
2025-04-20,13,37427,2_Propositions,02. DXC
2025-04-20,29,8158,3_Sustainability,02. DXC
2025-04-20,0,22,3_D&I,02. DXC
2025-04-20,1,3354,2_Loyalty_Plus Points Program,02. DXC
2025-04-20,12,27824,3_The Studio,02. DXC
2025-04-20,24,6582,ZDS NEXT LIBRARIES,02. DXC
2025-04-13,0,729,ZMS PI&D Team,04. Zalando Partner
2025-04-13,0,2,Lounge B2E ðŸ”§,03. Lounge
2025-04-13,0,831,7_ZMS Creative,02. DXC
2025-04-13,0,73,3_BD_Identity,02. DXC
2025-04-13,0,517,Partner Tech - Tech & Data Foundation,04. Zalando Partner
2025-04-13,0,229,3_D&I,02. DXC
2025-04-13,0,1,4. Decide,03. Lounge
2025-04-13,12,11413,2_Loyalty_Plus Points Program,02. DXC
2025-04-13,64,37353,3_ZDS,02. DXC
2025-04-13,5,8420,<Drafts>,
2025-04-13,0,31,1_Transactions,02. DXC
2025-04-13,11,4763,2_Size & Fit,02. DXC
2025-04-13,6,78612,3_Elephant Feed,02. DXC
2025-04-13,7,1412,Fulfillment - CuCa,05. Fulfillment
2025-04-13,0,9,Team not visible,
2025-04-13,0,81,Design Lobby,01. Design Lobby
2025-04-13,0,2,3_BD_Campaign design,02. DXC
2025-04-13,0,9,ZDS theme libraries (TEST),02. DXC
2025-04-13,0,105,3_Statement Release - M2,02. DXC
2025-04-13,10,13664,1_PRSB,02. DXC
2025-04-13,0,226,2. Activate,03. Lounge
2025-04-13,55,36676,2_Propositions,02. DXC
2025-04-13,14,7834,1_FPX,02. DXC
2025-04-13,5,4141,3_Sustainability,02. DXC
2025-04-13,48,5548,1_CXP_All,02. DXC
2025-04-13,21,22431,3_The Studio,02. DXC
2025-04-13,13,7829,ZDS NEXT LIBRARIES,02. DXC
2025-04-13,2,2353,1_Payments Solutions (ZPS),02. DXC
2025-04-06,0,12,Partner Tech - Articles,04. Zalando Partner
2025-04-06,0,626,2_Plus Membership (Phasing out),02. DXC
2025-04-06,0,1130,3_Sustainability,02. DXC
2025-04-06,0,88,3_D&I,02. DXC
2025-04-06,0,1033,Partner Tech - Tech & Data Foundation,04. Zalando Partner
2025-04-06,0,10,Lounge B2E ðŸ”§,03. Lounge
2025-04-06,0,2,6_Zeos,06. ZEOS
2025-04-06,0,279,3_BD_Identity,02. DXC
2025-04-06,0,211,1_Payments Solutions (ZPS),02. DXC
2025-04-06,0,2,4. Decide,03. Lounge
2025-04-06,0,2057,Team not visible,
2025-04-06,0,66,2. Activate,03. Lounge
2025-04-06,20,21131,2_Propositions,02. DXC
2025-04-06,0,7373,1_Transactions,02. DXC
2025-04-06,21,27802,3_The Studio,02. DXC
2025-04-06,21,19763,<Drafts>,
2025-04-06,3,2341,Fulfillment - CuCa,05. Fulfillment
2025-04-06,0,550,3_BD_Campaign design,02. DXC
2025-04-06,0,29,7. LUX,03. Lounge
2025-04-06,30,4865,1_FPX,02. DXC
2025-04-06,0,9,Design Lobby,01. Design Lobby
2025-04-06,3,13050,1_PRSB,02. DXC
2025-04-06,54,23668,1_CXP_All,02. DXC
2025-04-06,6,7966,2_Size & Fit,02. DXC
2025-04-06,3,3689,ZMS PI&D Team,04. Zalando Partner
2025-04-06,1,4,TRADEBYTE,04. Zalando Partner
2025-04-06,3,7229,2_Loyalty_Plus Points Program,02. DXC
2025-04-06,7,511,7_ZMS Creative,02. DXC
2025-04-06,53,16202,3_ZDS,02. DXC
2025-04-06,17,10200,ZDS NEXT LIBRARIES,02. DXC
2025-04-06,17,27036,3_Elephant Feed,02. DXC
2025-03-30,0,256,Partner Tech - Tech & Data Foundation,04. Zalando Partner
2025-03-30,0,1,6_Zeos,06. ZEOS
2025-03-30,0,39,1_FPX,02. DXC
2025-03-30,6,16127,2_Propositions,02. DXC
2025-03-30,0,7,ZDS theme libraries (TEST),02. DXC
2025-03-30,46,4059,3_Sustainability,02. DXC
2025-03-30,8,14653,1_PRSB,02. DXC
2025-03-30,4,13026,3_The Studio,02. DXC
2025-03-30,1,751,2. Activate,03. Lounge
2025-03-30,0,65,ZMS PI&D Team,04. Zalando Partner
2025-03-30,3,7722,2_Loyalty_Plus Points Program,02. DXC
2025-03-30,1,162,Fulfillment - CuCa,05. Fulfillment
2025-03-30,25,24913,3_ZDS,02. DXC
2025-03-30,14,6603,1_Transactions,02. DXC
2025-03-30,1,344,Team not visible,
2025-03-30,10,7854,ZDS NEXT LIBRARIES,02. DXC
2025-03-30,0,609,7_ZMS Creative,02. DXC
2025-03-30,0,4,3_Statement Release - M2,02. DXC
2025-03-30,0,955,4. Decide,03. Lounge
2025-03-30,0,356,1_Payments Solutions (ZPS),02. DXC
2025-03-30,1,56,Fulfillment â€“ WMS,05. Fulfillment
2025-03-30,74,30127,<Drafts>,
2025-03-30,81,541,3_D&I,02. DXC
2025-03-30,10,1565,2_Size & Fit,02. DXC
2025-03-30,32,6115,1_CXP_All,02. DXC
2025-03-30,18,11724,3_Elephant Feed,02. DXC
2025-03-23,0,143,1_Payments Solutions (ZPS),02. DXC
2025-03-23,0,135,2. Activate,03. Lounge
2025-03-23,0,14,3_D&I,02. DXC
2025-03-23,0,2024,2_Loyalty_Plus Points Program,02. DXC
2025-03-23,0,397,7_ZMS Creative,02. DXC
2025-03-23,0,201,Design Lobby,01. Design Lobby
2025-03-23,0,2957,ZMS PI&D Team,04. Zalando Partner
2025-03-23,3,712,2_Propositions,02. DXC
2025-03-23,6,7324,1_PRSB,02. DXC
2025-03-23,17,7150,3_Sustainability,02. DXC
2025-03-23,28,71663,<Drafts>,
2025-03-23,20,45745,3_The Studio,02. DXC
2025-03-23,30,10061,3_Elephant Feed,02. DXC
2025-03-23,33,5859,ZDS NEXT LIBRARIES,02. DXC
2025-03-23,0,18,Team not visible,
2025-03-23,0,34,3_BD_Identity,02. DXC
2025-03-23,0,4370,Lounge B2E ðŸ”§,03. Lounge
2025-03-23,0,1145,Partner Tech - Tech & Data Foundation,04. Zalando Partner
2025-03-23,3,0,3_BD_Campaign design,02. DXC
2025-03-23,0,571,1_FPX,02. DXC
2025-03-23,0,743,Fulfillment - CuCa,05. Fulfillment
2025-03-23,9,24974,1_Transactions,02. DXC
2025-03-23,5,6587,1_CXP_All,02. DXC
2025-03-23,44,24379,3_ZDS,02. DXC
2025-03-23,4,6353,2_Size & Fit,02. DXC
2025-03-16,0,4,ZMS Landing page,04. Zalando Partner
2025-03-16,0,4,Team not visible,
2025-03-16,0,2638,Fulfillment - CuCa,05. Fulfillment
2025-03-16,0,2750,1_PRSB,02. DXC
2025-03-16,0,16,Design Lobby,01. Design Lobby
2025-03-16,0,614,3_BD_Campaign design,02. DXC
2025-03-16,0,150,2. Activate,03. Lounge
2025-03-16,0,9,4. Decide,03. Lounge
2025-03-16,0,5084,Lounge B2E ðŸ”§,03. Lounge
2025-03-16,3,10042,1_Payments Solutions (ZPS),02. DXC
2025-03-16,46,25809,3_The Studio,02. DXC
2025-03-16,154,25279,<Drafts>,
2025-03-16,6,1940,2_Size & Fit,02. DXC
2025-03-16,0,5851,1_Transactions,02. DXC
2025-03-16,12,20768,3_ZDS,02. DXC
2025-03-16,34,12490,3_Elephant Feed,02. DXC
2025-03-16,0,2598,2_Loyalty_Plus Points Program,02. DXC
2025-03-16,0,96,7_ZMS Creative,02. DXC
2025-03-16,0,6,3_Statement Release - M2,02. DXC
2025-03-16,0,152,2_Propositions,02. DXC
2025-03-16,0,1237,Partner Tech - Tech & Data Foundation,04. Zalando Partner
2025-03-16,0,9,3_BD_Identity,02. DXC
2025-03-16,0,1733,1_FPX,02. DXC
2025-03-16,1,212,ZMS PI&D Team,04. Zalando Partner
2025-03-16,12,8223,3_Sustainability,02. DXC
2025-03-16,39,9469,1_CXP_All,02. DXC
2025-03-16,15,6559,ZDS NEXT LIBRARIES,02. DXC
2025-03-09,0,45,2. Activate,03. Lounge
2025-03-09,0,1368,Lounge B2E ðŸ”§,03. Lounge
2025-03-09,0,205,3_Statement Release - M2,02. DXC
2025-03-09,0,10268,2_Loyalty_Plus Points Program,02. DXC
2025-03-09,0,374,3_BD_Performance design,02. DXC
2025-03-09,0,28,3_D&I,02. DXC
2025-03-09,0,85,4. Decide,03. Lounge
2025-03-09,0,386,Design Lobby,01. Design Lobby
2025-03-09,1,66,1_FPX,02. DXC
2025-03-09,16,15874,3_Sustainability,02. DXC
2025-03-09,46,40468,<Drafts>,
2025-03-09,102,9646,1_CXP_All,02. DXC
2025-03-09,6,4074,Fulfillment - CuCa,05. Fulfillment
2025-03-09,0,163,ZMS Landing page,04. Zalando Partner
2025-03-09,0,137,3_BD_Identity,02. DXC
2025-03-09,0,10,8. CFA - Overarching,03. Lounge
2025-03-09,0,1343,1_Payments Solutions (ZPS),02. DXC
2025-03-09,0,989,Partner Tech - Tech & Data Foundation,04. Zalando Partner
2025-03-09,4,4926,1_PRSB,02. DXC
2025-03-09,0,859,ZDS NEXT LIBRARIES,02. DXC
2025-03-09,14,4090,2_Propositions,02. DXC
2025-03-09,8,1360,7_ZMS Creative,02. DXC
2025-03-09,5,2123,2_Size & Fit,02. DXC
2025-03-09,8,3724,Team not visible,
2025-03-09,11,11277,1_Transactions,02. DXC
2025-03-09,29,33855,3_The Studio,02. DXC
2025-03-09,53,28894,3_ZDS,02. DXC
2025-03-02,0,2,ZZArchive - Goal Based Shopping,03. Lounge
2025-03-02,0,36,Partner Tech - Tech & Data Foundation,04. Zalando Partner
2025-03-02,0,7809,ZDS NEXT LIBRARIES,02. DXC
2025-03-02,0,4680,Lounge B2E ðŸ”§,03. Lounge
2025-03-02,17,4219,2_Size & Fit,02. DXC
2025-03-02,0,759,Fulfillment - CuCa,05. Fulfillment
2025-03-02,0,2,Collabary,04. Zalando Partner
2025-03-02,16,9201,1_PRSB,02. DXC
2025-03-02,4,7112,2_Propositions,02. DXC
2025-03-02,4,1229,7_ZMS Creative,02. DXC
2025-03-02,22,11473,<Drafts>,
2025-03-02,194,17772,1_CXP_All,02. DXC
2025-03-02,3,11390,2_Loyalty_Plus Points Program,02. DXC
2025-03-02,36,34089,3_The Studio,02. DXC
2025-03-02,2,1865,Team not visible,
2025-03-02,0,157,3_Elephant Feed,02. DXC
2025-03-02,0,124,Unified documentation,07. Other Units/Initiatives
2025-03-02,0,1420,3_BD_Identity,02. DXC
2025-03-02,0,1,6_Zeos,06. ZEOS
2025-03-02,0,1022,Design Lobby,01. Design Lobby
2025-03-02,0,277,ZMS PI&D Team,04. Zalando Partner
2025-03-02,3,195,3_D&I,02. DXC
2025-03-02,0,12,4. Decide,03. Lounge
2025-03-02,1,25006,1_Transactions,02. DXC
2025-03-02,2,445,1_FPX,02. DXC
2025-03-02,53,40289,3_ZDS,02. DXC
2025-03-02,9,17286,3_Sustainability,02. DXC
2025-03-02,1,1126,2. Activate,03. Lounge
2025-03-02,4,3215,1_Payments Solutions (ZPS),02. DXC
2025-02-23,0,71,3_BD_Corporate Design,02. DXC
2025-02-23,0,46,Partner Tech - Articles,04. Zalando Partner
2025-02-23,40,1925,1_FPX,02. DXC
2025-02-23,0,245,3_BD_Identity,02. DXC
2025-02-23,0,7,2_Plus Membership (Phasing out),02. DXC
2025-02-23,9,36561,3_The Studio,02. DXC
2025-02-23,27,6335,2_Propositions,02. DXC
2025-02-23,47,4355,7_ZMS Creative,02. DXC
2025-02-23,37,22988,1_CXP_All,02. DXC
2025-02-23,1,9921,2_Loyalty_Plus Points Program,02. DXC
2025-02-23,4,3805,Fulfillment - CuCa,05. Fulfillment
2025-02-23,0,1458,Unified documentation,07. Other Units/Initiatives
2025-02-23,108,27627,3_ZDS,02. DXC
2025-02-23,7,1310,ZMS Landing page,04. Zalando Partner
2025-02-23,0,13,8. CFA - Overarching,03. Lounge
2025-02-23,0,97,Design Lobby,01. Design Lobby
2025-02-23,0,158,2. Activate,03. Lounge
2025-02-23,0,2,6. Grow,03. Lounge
2025-02-23,0,1390,Lounge B2E ðŸ”§,03. Lounge
2025-02-23,0,2417,1_Payments Solutions (ZPS),02. DXC
2025-02-23,37,27115,<Drafts>,
2025-02-23,8,18908,1_Transactions,02. DXC
2025-02-23,2,2728,2_Size & Fit,02. DXC
2025-02-23,2,2936,1_PRSB,02. DXC
2025-02-23,62,12368,Team not visible,
2025-02-23,21,705,3_D&I,02. DXC
2025-02-23,6,23866,3_Sustainability,02. DXC
2025-02-16,0,2969,ZMS PI&D Team,04. Zalando Partner
2025-02-16,0,27,4. Decide,03. Lounge
2025-02-16,0,1,3_BD_Performance design,02. DXC
2025-02-16,0,1031,Fulfillment - CuCa,05. Fulfillment
2025-02-16,96,40541,<Drafts>,
2025-02-16,25,10381,3_Sustainability,02. DXC
2025-02-16,5,42,3_BD_Identity,02. DXC
2025-02-16,31,17987,3_ZDS,02. DXC
2025-02-16,3,3529,2_Loyalty_Plus Points Program,02. DXC
2025-02-16,37,60231,3_The Studio,02. DXC
2025-02-16,0,104,3_Elephant Feed,02. DXC
2025-02-16,2,2145,Team not visible,
2025-02-16,0,706,Lounge B2E ðŸ”§,03. Lounge
2025-02-16,0,184,ZMS Landing page,04. Zalando Partner
2025-02-16,0,3,TRADEBYTE,04. Zalando Partner
2025-02-16,0,263,2. Activate,03. Lounge
2025-02-16,0,9,ZZArchive - Goal Based Shopping,03. Lounge
2025-02-16,5,3419,1_PRSB,02. DXC
2025-02-16,1,5494,1_Payments Solutions (ZPS),02. DXC
2025-02-16,1,13133,2_Propositions,02. DXC
2025-02-16,19,92,3_BD_Corporate Design,02. DXC
2025-02-16,84,13544,1_CXP_All,02. DXC
2025-02-16,4,1551,2_Size & Fit,02. DXC
2025-02-16,29,5648,1_Transactions,02. DXC
2025-02-16,1,1005,7_ZMS Creative,02. DXC
2025-02-16,4,6182,3_Statement Release - M2,02. DXC
2025-02-09,0,1298,3_BD_Campaign design,02. DXC
2025-02-09,0,92,Partner Tech - Articles,04. Zalando Partner
2025-02-09,0,828,Lounge B2E ðŸ”§,03. Lounge
2025-02-09,0,501,7_ZMS Creative,02. DXC
2025-02-09,0,769,3_Statement Release - M2,02. DXC
2025-02-09,0,17,7. LUX,03. Lounge
2025-02-09,21,191,3_BD_Corporate Design,02. DXC
2025-02-09,0,13,Design Lobby,01. Design Lobby
2025-02-09,139,75624,<Drafts>,
2025-02-09,16,74,3_D&I,02. DXC
2025-02-09,31,8878,3_Sustainability,02. DXC
2025-02-09,17,8166,1_CXP_All,02. DXC
2025-02-09,9,560,2. Activate,03. Lounge
2025-02-09,0,1226,Fulfillment - CuCa,05. Fulfillment
2025-02-09,3,1897,1_Payments Solutions (ZPS),02. DXC
2025-02-09,16,2626,ZMS PI&D Team,04. Zalando Partner
2025-02-09,51,2698,2_Propositions,02. DXC
2025-02-09,10,22819,3_The Studio,02. DXC
2025-02-09,0,326,ZDS NEXT LIBRARIES,02. DXC
2025-02-09,10,13363,1_PRSB,02. DXC
2025-02-09,1,330,3_BD_Identity,02. DXC
2025-02-09,5,5311,2_Loyalty_Plus Points Program,02. DXC
2025-02-09,2,3530,2_Size & Fit,02. DXC
2025-02-09,4,876,1_FPX,02. DXC
2025-02-09,5,5411,Team not visible,
2025-02-09,17,1835,ZMS Landing page,04. Zalando Partner
2025-02-09,28,14383,3_ZDS,02. DXC
2025-02-09,2,2468,1_Transactions,02. DXC
2025-02-02,0,3198,Team not visible,
2025-02-02,0,1460,1_PRSB,02. DXC
2025-02-02,0,12,TRADEBYTE,04. Zalando Partner
2025-02-02,0,21,3_BD_Corporate Design,02. DXC
2025-02-02,0,1040,Design Lobby,01. Design Lobby
2025-02-02,0,374,Lounge B2E ðŸ”§,03. Lounge
2025-02-02,3,1672,ZMS PI&D Team,04. Zalando Partner
2025-02-02,3,10539,1_Payments Solutions (ZPS),02. DXC
2025-02-02,7,17551,3_The Studio,02. DXC
2025-02-02,25,1177,3_D&I,02. DXC
2025-02-02,2,3806,Fulfillment - CuCa,05. Fulfillment
2025-02-02,0,144,2. Activate,03. Lounge
2025-02-02,8,905,7. LUX,03. Lounge
2025-02-02,0,3837,3_Statement Release - M2,02. DXC
2025-02-02,0,130,3_BD_Performance design,02. DXC
2025-02-02,0,41,3_Sustainability,02. DXC
2025-02-02,0,706,3_BD_Identity,02. DXC
2025-02-02,0,79,"Partner Tech - Partner Offers, Orders, Logistics, Analytics & Steering",04. Zalando Partner
2025-02-02,0,32,Partner Tech,04. Zalando Partner
2025-02-02,0,1,Unified documentation,07. Other Units/Initiatives
2025-02-02,0,9,ZDS NEXT LIBRARIES,02. DXC
2025-02-02,6,1750,2_Propositions,02. DXC
2025-02-02,0,3494,2_Loyalty_Plus Points Program,02. DXC
2025-02-02,87,4216,7_ZMS Creative,02. DXC
2025-02-02,9,2528,2_Size & Fit,02. DXC
2025-02-02,80,994,ZMS Landing page,04. Zalando Partner
2025-02-02,0,3263,1_Transactions,02. DXC
2025-02-02,1,2886,1_FPX,02. DXC
2025-02-02,111,22881,1_CXP_All,02. DXC
2025-02-02,26,51020,<Drafts>,
2025-02-02,13,8529,3_ZDS,02. DXC
2025-02-02,1,54,ZDS theme libraries (TEST),02. DXC
2025-01-26,0,125,3_D&I,02. DXC
2025-01-26,0,2,3_BD_Campaign design,02. DXC
2025-01-26,0,92,Partner Tech - Articles,04. Zalando Partner
2025-01-26,0,52,7. LUX,03. Lounge
2025-01-26,0,84,3_Elephant Feed,02. DXC
2025-01-26,0,164,Lounge B2E ðŸ”§,03. Lounge
2025-01-26,0,374,Unified documentation,07. Other Units/Initiatives
2025-01-26,0,5,3. Discover,03. Lounge
2025-01-26,0,5,3_BD_Identity,02. DXC
2025-01-26,12,30151,<Drafts>,
2025-01-26,0,359,3_Statement Release - M2,02. DXC
2025-01-26,1,6388,1_Payments Solutions (ZPS),02. DXC
2025-01-26,0,1231,1_Transactions,02. DXC
2025-01-26,10,6801,3_The Studio,02. DXC
2025-01-26,68,12932,1_CXP_All,02. DXC
2025-01-26,7,6433,Team not visible,
2025-01-26,4,184,2. Activate,03. Lounge
2025-01-26,0,581,ZMS Landing page,04. Zalando Partner
2025-01-26,0,48,3_BD_Corporate Design,02. DXC
2025-01-26,0,5,ZZArchive - Goal Based Shopping,03. Lounge
2025-01-26,0,221,ZMS PI&D Team,04. Zalando Partner
2025-01-26,3,6759,1_PRSB,02. DXC
2025-01-26,0,101,Design Lobby,01. Design Lobby
2025-01-26,0,2331,2_Size & Fit,02. DXC
2025-01-26,21,8960,2_Propositions,02. DXC
2025-01-26,4,5464,3_Sustainability,02. DXC
2025-01-26,0,52,8. CFA - Overarching,03. Lounge
2025-01-26,14,4901,2_Loyalty_Plus Points Program,02. DXC
2025-01-26,2,2827,1_FPX,02. DXC
2025-01-26,25,7874,Fulfillment - CuCa,05. Fulfillment
2025-01-26,7,1787,3_ZDS,02. DXC
2025-01-19,0,46,Partner Tech - Articles,04. Zalando Partner
2025-01-19,0,342,2_Loyalty_Plus Points Program,02. DXC
2025-01-19,0,46,ZMS Landing page,04. Zalando Partner
2025-01-19,14,7280,1_Payments Solutions (ZPS),02. DXC
2025-01-19,28,9115,2_Propositions,02. DXC
2025-01-19,0,2,3_BD_Identity,02. DXC
2025-01-19,4,3548,ZMS PI&D Team,04. Zalando Partner
2025-01-19,6,40465,3_The Studio,02. DXC
2025-01-19,0,299,1_Transactions,02. DXC
2025-01-19,5,9341,1_PRSB,02. DXC
2025-01-19,6,1990,2_Size & Fit,02. DXC
2025-01-19,4,273,Fulfillment - CuCa,05. Fulfillment
2025-01-19,0,2027,1_FPX,02. DXC
2025-01-19,31,8188,<Drafts>,
2025-01-19,8,4584,3_Sustainability,02. DXC
2025-01-19,0,342,3_D&I,02. DXC
2025-01-19,0,15,3_Elephant Feed,02. DXC
2025-01-19,0,7,6. Grow,03. Lounge
2025-01-19,0,134,7. LUX,03. Lounge
2025-01-19,0,187,Design Lobby,01. Design Lobby
2025-01-19,0,2564,3_Statement Release - M2,02. DXC
2025-01-19,1,529,Unified documentation,07. Other Units/Initiatives
2025-01-19,232,18882,1_CXP_All,02. DXC
2025-01-19,32,5925,3_ZDS,02. DXC
2025-01-19,5,3446,Team not visible,
2025-01-12,0,4,Partner Tech,04. Zalando Partner
2025-01-12,0,5,3_Content Design,02. DXC
2025-01-12,0,13,3_Elephant Feed,02. DXC
2025-01-12,0,61,Partner Tech - Articles,04. Zalando Partner
2025-01-12,0,1,3_BD_Identity,02. DXC
2025-01-12,6,5939,1_PRSB,02. DXC
2025-01-12,1,4413,3_D&I,02. DXC
2025-01-12,17,2513,7_ZMS Creative,02. DXC
2025-01-12,4,703,2_Loyalty_Plus Points Program,02. DXC
2025-01-12,2,826,ZMS PI&D Team,04. Zalando Partner
2025-01-12,1,2907,3_Sustainability,02. DXC
2025-01-12,9,4476,1_FPX,02. DXC
2025-01-12,15,48973,3_Statement Release - M2,02. DXC
2025-01-12,1,1143,2_Size & Fit,02. DXC
2025-01-12,0,65,2. Activate,03. Lounge
2025-01-12,0,2100,1_Payments Solutions (ZPS),02. DXC
2025-01-12,0,276,Design Lobby,01. Design Lobby
2025-01-12,1,1441,Unified documentation,07. Other Units/Initiatives
2025-01-12,0,42,8. CFA - Overarching,03. Lounge
2025-01-12,14,17551,3_The Studio,02. DXC
2025-01-12,3,2133,2_Propositions,02. DXC
2025-01-12,9,2868,ZMS Landing page,04. Zalando Partner
2025-01-12,29,11109,<Drafts>,
2025-01-12,2,827,Team not visible,
2025-01-12,7,9616,1_CXP_All,02. DXC
2025-01-12,61,6101,3_ZDS,02. DXC
2025-01-12,2,27,7. LUX,03. Lounge
2025-01-12,0,417,1_Transactions,02. DXC
2025-01-05,0,79,2_Propositions,02. DXC
2025-01-05,0,377,3_Sustainability,02. DXC
2025-01-05,0,2,6. Grow,03. Lounge
2025-01-05,0,15,Design Lobby,01. Design Lobby
2025-01-05,0,6872,ZMS PI&D Team,04. Zalando Partner
2025-01-05,0,62,3_BD_Performance design,02. DXC
2025-01-05,0,17,3_BD_Identity,02. DXC
2025-01-05,5,959,Unified documentation,07. Other Units/Initiatives
2025-01-05,1,1511,1_PRSB,02. DXC
2025-01-05,4,15443,1_Payments Solutions (ZPS),02. DXC
2025-01-05,21,2584,Team not visible,
2025-01-05,21,8002,3_ZDS,02. DXC
2025-01-05,4,717,3_Statement Release - M2,02. DXC
2025-01-05,0,524,7_ZMS Creative,02. DXC
2025-01-05,0,30,ZZArchive - Goal Based Shopping,03. Lounge
2025-01-05,0,5,Fulfillment - CuCa,05. Fulfillment
2025-01-05,0,126,2. Activate,03. Lounge
2025-01-05,23,15614,<Drafts>,
2025-01-05,0,2,8_Mohana Z,Workspace not visible
2025-01-05,8,6483,1_FPX,02. DXC
2025-01-05,10,3444,2_Size & Fit,02. DXC
2025-01-05,8,9033,1_CXP_All,02. DXC
2025-01-05,7,18640,3_The Studio,02. DXC
2025-01-05,0,1835,1_Transactions,02. DXC
2025-01-05,8,4243,ZMS Landing page,04. Zalando Partner
2025-01-05,12,904,3_D&I,02. DXC
2024-12-29,0,1238,1_CXP_All,02. DXC
2024-12-29,0,16,Fulfillment - CuCa,05. Fulfillment
2024-12-29,0,1422,Team not visible,
2024-12-29,1,0,Lounge B2E ðŸ”§,03. Lounge
2024-12-29,0,2318,1_Payments Solutions (ZPS),02. DXC
2024-12-29,0,52,Unified documentation,07. Other Units/Initiatives
2024-12-29,1,933,<Drafts>,
2024-12-29,0,87,1_Transactions,02. DXC
2024-12-29,96,5619,ZMS PI&D Team,04. Zalando Partner
2024-12-29,9,19837,3_The Studio,02. DXC
2024-12-29,4,663,2_Size & Fit,02. DXC
2024-12-29,0,2183,3_ZDS,02. DXC
2024-12-29,0,12,ZZArchive - Goal Based Shopping,03. Lounge
2024-12-29,0,1073,3_D&I,02. DXC
2024-12-29,0,4180,3_Statement Release - M2,02. DXC
2024-12-29,0,12,"Partner Tech - Partner Offers, Orders, Logistics, Analytics & Steering",04. Zalando Partner
2024-12-29,0,101,2_Propositions,02. DXC
2024-12-29,18,3627,ZMS Landing page,04. Zalando Partner
