team_name,week,insertions,detachments
1_CXP_All,2025-12-07,3434,4
Design Lobby,2025-12-07,36,0
2_Loyalty_Plus Points Program,2025-12-07,2481,4
3_Design Ops,2025-12-07,11,0
"Partner Tech - Partner Offers, Orders, Logistics, Analytics & Steering",2025-12-07,2,0
2_Size & Fit,2025-12-07,5454,6
TRADEBYTE,2025-12-07,67,0
1_PRSB,2025-12-07,1523,0
<Drafts>,2025-12-07,17087,9
3. Discover,2025-12-07,2,0
3_Elephant Feed,2025-12-07,3767,0
2_Propositions,2025-12-07,15643,1
4. Decide,2025-12-07,3052,0
ZMS PI&D Team,2025-12-07,139,0
7_ZMS Creative,2025-12-07,61,0
3_The Studio,2025-12-07,8471,5
3_ZDS,2025-12-07,21504,0
3_BD_Campaign design,2025-12-07,9341,0
1_Transactions,2025-12-07,1695,4
1_Payments Solutions (ZPS),2025-12-07,1895,1
3_Statement Release - M2,2025-12-07,227,0
2. Activate,2025-12-07,214,0
Partner Tech,2025-12-07,154,0
6. Grow,2025-12-07,109,0
7_Content Solutions,2025-12-07,4,0
3_BD_Identity,2025-12-07,27,0
1_FPX,2025-12-07,3204,2
7. LUX,2025-12-07,26,0
Partner Tech - Tech & Data Foundation,2025-12-07,626,0
3_BD_Corporate Design,2025-12-07,23,0
"Partner Tech - Partner Offers, Orders, Logistics, Analytics & Steering",2025-11-30,1,0
2. Activate,2025-11-30,38,0
<Drafts>,2025-11-30,20675,12
1_CXP_All,2025-11-30,2886,7
3_Statement Release - M2,2025-11-30,386,0
Design Lobby,2025-11-30,22,0
3_BD_Identity,2025-11-30,1,0
3_ZDS,2025-11-30,17254,0
2_Propositions,2025-11-30,21163,13
TRADEBYTE,2025-11-30,148,0
1_FPX,2025-11-30,8495,2
1_Transactions,2025-11-30,16350,1
2_Size & Fit,2025-11-30,3234,1
1_PRSB,2025-11-30,1615,2
3_The Studio,2025-11-30,11735,3
Fulfillment - CuCa,2025-11-30,64,0
ZDS NEXT LIBRARIES,2025-11-30,20,1
6_Zeos,2025-11-30,7,0
1_Payments Solutions (ZPS),2025-11-30,443,2
Partner Tech - Tech & Data Foundation,2025-11-30,575,0
3. Discover,2025-11-30,93,0
4. Decide,2025-11-30,676,0
2_Loyalty_Plus Points Program,2025-11-30,5751,0
6. Grow,2025-11-30,173,0
7_Content Solutions,2025-11-30,55,0
7_ZMS Creative,2025-11-30,313,0
3_Elephant Feed,2025-11-30,6292,1
Partner Tech_z - Zalando Direct (reference),2025-11-30,63,0
3_BD_Campaign design,2025-11-30,3792,0
ZMS PI&D Team,2025-11-30,2669,0
Fulfillment â€“ WMS,2025-11-30,68,0
Unified documentation,2025-11-30,22,0
3_BD_Campaign design,2025-11-23,12749,0
1_PRSB,2025-11-23,2258,0
1_CXP_All,2025-11-23,4141,6
Design Lobby,2025-11-23,454,0
Partner Tech,2025-11-23,1,0
3_BD_Performance design,2025-11-23,131,0
4. Decide,2025-11-23,1125,0
7_ZMS Creative,2025-11-23,426,0
2_Propositions,2025-11-23,21700,7
<Drafts>,2025-11-23,17235,5
Fulfillment - Transportation,2025-11-23,2,0
1_Payments Solutions (ZPS),2025-11-23,3510,3
3_ZDS,2025-11-23,16641,11
1_FPX,2025-11-23,6468,9
Collabary,2025-11-23,1,0
1_Transactions,2025-11-23,2623,1
ZMS PI&D Team,2025-11-23,2572,2
Fulfillment - CuCa,2025-11-23,7,0
"Partner Tech - Partner Offers, Orders, Logistics, Analytics & Steering",2025-11-23,7,0
2_Loyalty_Plus Points Program,2025-11-23,6722,1
Partner Tech - Articles,2025-11-23,2,0
3_Elephant Feed,2025-11-23,2604,1
Partner Tech - Tech & Data Foundation,2025-11-23,115,0
7. LUX,2025-11-23,0,1
3_The Studio,2025-11-23,12776,5
2_Size & Fit,2025-11-23,3775,11
TRADEBYTE,2025-11-23,273,1
6. Grow,2025-11-23,36,0
3_BD_Identity,2025-11-23,34,0
Fulfillment - FFC,2025-11-23,147,0
3. Discover,2025-11-16,1,0
ZMS Landing page,2025-11-16,71,0
2_Propositions,2025-11-16,12885,26
TRADEBYTE,2025-11-16,624,0
1_CXP_All,2025-11-16,6909,5
1_PRSB,2025-11-16,2381,5
3_Content Design,2025-11-16,167,0
1_Transactions,2025-11-16,2958,2
3_ZDS,2025-11-16,14769,7
3_The Studio,2025-11-16,6542,8
"Partner Tech - Partner Offers, Orders, Logistics, Analytics & Steering",2025-11-16,2,0
3_BD_Campaign design,2025-11-16,6070,0
Partner Tech - Tech & Data Foundation,2025-11-16,88,0
Fulfillment - FFC,2025-11-16,243,1
7_Content Solutions,2025-11-16,51,0
Fulfillment â€“ WMS,2025-11-16,7,0
3_Elephant Feed,2025-11-16,1465,0
ZMS PI&D Team,2025-11-16,2818,2
7_ZMS Creative,2025-11-16,1472,0
2_Loyalty_Plus Points Program,2025-11-16,1460,0
8. CFA - Overarching,2025-11-16,1,0
4. Decide,2025-11-16,1142,2
<Drafts>,2025-11-16,35284,26
1_FPX,2025-11-16,6696,5
Unified documentation,2025-11-16,4,0
Design Lobby,2025-11-16,63,0
Fulfillment - CuCa,2025-11-16,321,0
3_BD_Identity,2025-11-16,203,0
6_Zeos,2025-11-16,75,1
5. Convert,2025-11-16,2,0
2_Size & Fit,2025-11-16,15829,4
1_Payments Solutions (ZPS),2025-11-16,3515,1
3_Statement Release - M2,2025-11-16,1028,0
3_BD_Performance design,2025-11-16,390,0
6. Grow,2025-11-16,12,0
Partner Tech - Articles,2025-11-16,11,0
3_BD_Identity,2025-11-09,35,0
5. Convert,2025-11-09,2,0
Partner Tech - Articles,2025-11-09,3,0
<Drafts>,2025-11-09,24602,10
2_Propositions,2025-11-09,14035,4
7. LUX,2025-11-09,26,0
4. Decide,2025-11-09,733,1
3_Content Design,2025-11-09,278,0
Partner Tech - Tech & Data Foundation,2025-11-09,28,0
1_Transactions,2025-11-09,5510,1
3_The Studio,2025-11-09,3932,2
3_ZDS,2025-11-09,17852,23
1_FPX,2025-11-09,6235,2
Fulfillment - FFC,2025-11-09,758,0
6. Grow,2025-11-09,198,0
3_BD_Performance design,2025-11-09,155,0
2_Size & Fit,2025-11-09,13283,1
1_Payments Solutions (ZPS),2025-11-09,3108,8
1_PRSB,2025-11-09,1958,1
Partner Tech,2025-11-09,353,0
6_Zeos,2025-11-09,403,1
TRADEBYTE,2025-11-09,361,1
7_Content Solutions,2025-11-09,618,0
Fulfillment - CuCa,2025-11-09,3456,1
1_CXP_All,2025-11-09,7070,3
2. Activate,2025-11-09,113,0
3_Sustainability,2025-11-09,764,0
7_ZMS Creative,2025-11-09,2672,0
2_Loyalty_Plus Points Program,2025-11-09,8761,3
3_Elephant Feed,2025-11-09,5144,1
Design Lobby,2025-11-09,2052,1
3_BD_Campaign design,2025-11-09,4376,0
Collabary,2025-11-09,1,0
ZMS PI&D Team,2025-11-09,614,0
3_Statement Release - M2,2025-11-09,218,0
<Drafts>,2025-11-02,11379,13
TRADEBYTE,2025-11-02,556,0
1_Payments Solutions (ZPS),2025-11-02,1416,4
3. Discover,2025-11-02,9,0
2_Propositions,2025-11-02,11016,1
7. LUX,2025-11-02,8,0
Design Lobby,2025-11-02,192,1
3_ZDS,2025-11-02,34048,5
3_BD_Identity,2025-11-02,284,0
Partner Tech,2025-11-02,7,12
1_CXP_All,2025-11-02,10007,10
Fulfillment - FFC,2025-11-02,2007,3
2_Size & Fit,2025-11-02,2169,2
Fulfillment - CuCa,2025-11-02,905,0
1_FPX,2025-11-02,1384,0
Fulfillment - Transportation,2025-11-02,1591,1
3_BD_Campaign design,2025-11-02,5775,0
3_The Studio,2025-11-02,4136,0
Collabary,2025-11-02,11,0
3_Statement Release - M2,2025-11-02,406,0
7_ZMS Creative,2025-11-02,650,0
3_BD_Performance design,2025-11-02,1031,0
3_Elephant Feed,2025-11-02,7266,2
Partner Tech - Tech & Data Foundation,2025-11-02,122,0
Team not visible,2025-11-02,25,0
2. Activate,2025-11-02,2,0
Partner Tech - Articles,2025-11-02,21,0
4. Decide,2025-11-02,428,0
ZMS PI&D Team,2025-11-02,15,0
6_Zeos,2025-11-02,1,0
2_Loyalty_Plus Points Program,2025-11-02,2411,1
1_Transactions,2025-11-02,9641,8
6. Grow,2025-11-02,29,0
1_PRSB,2025-11-02,510,0
3_ZDS,2025-10-26,11023,0
7. LUX,2025-10-26,44,0
6. Grow,2025-10-26,113,0
ZDS NEXT LIBRARIES,2025-10-26,208,0
Partner Tech - Tech & Data Foundation,2025-10-26,5,0
2_Propositions,2025-10-26,5804,6
1_Transactions,2025-10-26,3113,4
2_Loyalty_Plus Points Program,2025-10-26,9251,1
1_FPX,2025-10-26,6333,0
Fulfillment - CuCa,2025-10-26,2777,1
Fulfillment - FFC,2025-10-26,1938,0
7_Content Solutions,2025-10-26,162,0
3_D&I,2025-10-26,726,0
3. Discover,2025-10-26,85,0
1_PRSB,2025-10-26,1609,0
4. Decide,2025-10-26,1925,3
2_Size & Fit,2025-10-26,2214,0
Partner Tech,2025-10-26,77,1
<Drafts>,2025-10-26,16275,8
Fulfillment - Transportation,2025-10-26,7,0
3_The Studio,2025-10-26,14840,3
3_BD_Performance design,2025-10-26,6063,2
3_Elephant Feed,2025-10-26,5119,3
ZMS PI&D Team,2025-10-26,2325,0
"Partner Tech - Partner Offers, Orders, Logistics, Analytics & Steering",2025-10-26,4,1
3_BD_Campaign design,2025-10-26,1830,0
3_Statement Release - M2,2025-10-26,1062,0
3_BD_Identity,2025-10-26,242,0
TRADEBYTE,2025-10-26,163,0
1_Payments Solutions (ZPS),2025-10-26,708,2
1_CXP_All,2025-10-26,4906,3
7_ZMS Creative,2025-10-26,1314,0
7_ZMS Creative,2025-10-19,101,0
Partner Tech - Tech & Data Foundation,2025-10-19,307,0
2. Activate,2025-10-19,289,0
<Drafts>,2025-10-19,19116,26
2_Size & Fit,2025-10-19,19926,3
7_Content Solutions,2025-10-19,4,0
3_BD_Campaign design,2025-10-19,205,0
3_BD_Performance design,2025-10-19,2225,0
1_Transactions,2025-10-19,3050,4
2_Propositions,2025-10-19,12639,4
1_Payments Solutions (ZPS),2025-10-19,3011,4
Design Lobby,2025-10-19,4,0
3_The Studio,2025-10-19,5945,1
6_Zeos,2025-10-19,9,0
3_ZDS,2025-10-19,3777,2
Fulfillment - FFC,2025-10-19,2546,4
Fulfillment - CuCa,2025-10-19,6419,0
3_Statement Release - M2,2025-10-19,357,0
ZMS PI&D Team,2025-10-19,550,0
4. Decide,2025-10-19,145,0
1_PRSB,2025-10-19,559,0
1_CXP_All,2025-10-19,6297,1
6. Grow,2025-10-19,12,0
3_BD_Identity,2025-10-19,32,0
3. Discover,2025-10-19,64,0
Partner Tech,2025-10-19,657,0
2_Loyalty_Plus Points Program,2025-10-19,9576,0
1_FPX,2025-10-19,3973,2
7. LUX,2025-10-19,155,0
3_Elephant Feed,2025-10-19,667,0
TRADEBYTE,2025-10-19,106,0
Partner Tech - Articles,2025-10-19,4,0
3. Discover,2025-10-12,20,0
"Partner Tech - Partner Offers, Orders, Logistics, Analytics & Steering",2025-10-12,4,0
3_Elephant Feed,2025-10-12,9249,3
1_Transactions,2025-10-12,4367,6
3_BD_Campaign design,2025-10-12,17,0
3_BD_Performance design,2025-10-12,8623,2
1_Payments Solutions (ZPS),2025-10-12,4126,9
2_Loyalty_Plus Points Program,2025-10-12,14117,1
2_Propositions,2025-10-12,19267,3
3_The Studio,2025-10-12,6876,5
2_Size & Fit,2025-10-12,7362,1
7_Content Solutions,2025-10-12,2372,0
Partner Tech - Tech & Data Foundation,2025-10-12,520,0
1_FPX,2025-10-12,5586,1
Unified documentation,2025-10-12,273,0
3_ZDS,2025-10-12,11337,4
3_BD_Identity,2025-10-12,1158,1
Partner Tech - Articles,2025-10-12,3,0
Fulfillment - Transportation,2025-10-12,618,0
4. Decide,2025-10-12,8,0
1_CXP_All,2025-10-12,2364,6
7_ZMS Creative,2025-10-12,859,0
Fulfillment - CuCa,2025-10-12,1548,0
1_PRSB,2025-10-12,2793,0
ZMS PI&D Team,2025-10-12,4729,0
2. Activate,2025-10-12,3370,4
ZDS NEXT LIBRARIES,2025-10-12,641,0
<Drafts>,2025-10-12,19508,123
TRADEBYTE,2025-10-12,38,2
3_Statement Release - M2,2025-10-12,913,0
3. Discover,2025-10-05,1,0
7_Content Solutions,2025-10-05,52,0
ZDS NEXT LIBRARIES,2025-10-05,3493,0
3_Elephant Feed,2025-10-05,49503,0
2_Loyalty_Plus Points Program,2025-10-05,7229,1
"Partner Tech - Partner Offers, Orders, Logistics, Analytics & Steering",2025-10-05,3,0
1_Payments Solutions (ZPS),2025-10-05,5972,30
3_ZDS,2025-10-05,18531,6
2_Propositions,2025-10-05,12519,11
3_Sustainability,2025-10-05,2,0
3_BD_Campaign design,2025-10-05,1,0
2. Activate,2025-10-05,314,1
3_BD_Identity,2025-10-05,206,1
Fulfillment - Transportation,2025-10-05,19,0
Fulfillment - CuCa,2025-10-05,106,0
1_CXP_All,2025-10-05,1676,6
Fulfillment - FFC,2025-10-05,2243,0
Partner Tech - Tech & Data Foundation,2025-10-05,1216,0
TRADEBYTE,2025-10-05,37,0
6. Grow,2025-10-05,66,0
1_PRSB,2025-10-05,9021,0
4. Decide,2025-10-05,3,0
<Drafts>,2025-10-05,30912,15
2_Size & Fit,2025-10-05,3030,0
7. LUX,2025-10-05,60,0
Partner Tech - Articles,2025-10-05,7,0
7_ZMS Creative,2025-10-05,917,0
3_BD_Performance design,2025-10-05,20625,0
3_Statement Release - M2,2025-10-05,1946,0
1_Transactions,2025-10-05,3692,8
3_The Studio,2025-10-05,4301,1
ZMS PI&D Team,2025-10-05,805,6
1_FPX,2025-10-05,5645,2
3_BD_Corporate Design,2025-09-28,5,0
3. Discover,2025-09-28,60,0
1_FPX,2025-09-28,4261,3
3_The Studio,2025-09-28,6860,6
1_PRSB,2025-09-28,2442,3
2_Propositions,2025-09-28,24194,5
Partner Tech - Articles,2025-09-28,1,0
1_Payments Solutions (ZPS),2025-09-28,3206,11
3_BD_Campaign design,2025-09-28,266,0
Partner Tech - Tech & Data Foundation,2025-09-28,256,0
<Drafts>,2025-09-28,16040,5
Fulfillment - FFC,2025-09-28,4040,1
3_ZDS,2025-09-28,12121,0
TRADEBYTE,2025-09-28,46,1
Partner Tech,2025-09-28,58,0
Fulfillment - CuCa,2025-09-28,125,0
ZMS PI&D Team,2025-09-28,921,0
1_CXP_All,2025-09-28,1504,0
3_Sustainability,2025-09-28,30,0
3_BD_Identity,2025-09-28,381,0
7_ZMS Creative,2025-09-28,277,0
3_Statement Release - M2,2025-09-28,37,0
1_Transactions,2025-09-28,2288,1
2_Size & Fit,2025-09-28,4447,11
Unified documentation,2025-09-28,39,0
2_Loyalty_Plus Points Program,2025-09-28,5807,2
6_Zeos,2025-09-28,6,0
3_Elephant Feed,2025-09-28,2815,0
"Partner Tech - Partner Offers, Orders, Logistics, Analytics & Steering",2025-09-28,48,0
Design Lobby,2025-09-28,6,0
ZDS NEXT LIBRARIES,2025-09-28,220,0
3_BD_Performance design,2025-09-28,5333,0
7. LUX,2025-09-21,9,0
2_Loyalty_Plus Points Program,2025-09-21,11555,2
3_Sustainability,2025-09-21,15,0
1_FPX,2025-09-21,4545,2
Partner Tech - Tech & Data Foundation,2025-09-21,12,0
3_The Studio,2025-09-21,9492,2
1_PRSB,2025-09-21,4379,1
3_Elephant Feed,2025-09-21,1559,0
<Drafts>,2025-09-21,23510,15
3_D&I,2025-09-21,7,0
Fulfillment - FFC,2025-09-21,514,1
Fulfillment - CuCa,2025-09-21,21,0
ZMS PI&D Team,2025-09-21,1009,1
Partner Tech - Articles,2025-09-21,3,0
1_Transactions,2025-09-21,4389,0
3_BD_Campaign design,2025-09-21,0,198
Partner Tech,2025-09-21,324,0
3_BD_Corporate Design,2025-09-21,4,0
2_Propositions,2025-09-21,19450,6
3_ZDS,2025-09-21,5126,2
6. Grow,2025-09-21,462,1
1_CXP_All,2025-09-21,2065,3
3_Statement Release - M2,2025-09-21,154,0
TRADEBYTE,2025-09-21,892,0
4. Decide,2025-09-21,436,0
ZDS NEXT LIBRARIES,2025-09-21,1782,2
1_Payments Solutions (ZPS),2025-09-21,1643,0
3. Discover,2025-09-21,671,0
2_Size & Fit,2025-09-21,8332,5
Design Lobby,2025-09-21,154,0
3_BD_Performance design,2025-09-21,517,0
7_ZMS Creative,2025-09-21,949,0
3_BD_Identity,2025-09-21,492,0
Fulfillment - Transportation,2025-09-21,29,0
2. Activate,2025-09-21,380,0
Unified documentation,2025-09-21,46,0
3. Discover,2025-09-14,2,0
3_Sustainability,2025-09-14,4,0
2_Size & Fit,2025-09-14,8088,3
1_CXP_All,2025-09-14,5952,7
3_Statement Release - M2,2025-09-14,909,0
<Drafts>,2025-09-14,18037,13
3_D&I,2025-09-14,733,1
3_BD_Campaign design,2025-09-14,66,0
Partner Tech - Assortment & Inbound,2025-09-14,1,0
Unified documentation,2025-09-14,238,0
6_Zeos,2025-09-14,1,0
7_Content Solutions,2025-09-14,8,0
3_ZDS,2025-09-14,19532,4
2_Propositions,2025-09-14,15215,8
2. Activate,2025-09-14,162,2
3_Elephant Feed,2025-09-14,1714,0
6. Grow,2025-09-14,1737,0
2_Loyalty_Plus Points Program,2025-09-14,1486,6
1_FPX,2025-09-14,1126,1
"Partner Tech - Partner Offers, Orders, Logistics, Analytics & Steering",2025-09-14,0,8
3_BD_Performance design,2025-09-14,1082,0
4. Decide,2025-09-14,113,0
Partner Tech - Tech & Data Foundation,2025-09-14,1685,0
ZMS PI&D Team,2025-09-14,1484,2
Fulfillment - CuCa,2025-09-14,901,0
3_The Studio,2025-09-14,4535,5
Partner Tech,2025-09-14,228,0
1_Transactions,2025-09-14,5600,7
ZDS NEXT LIBRARIES,2025-09-14,6687,0
3_BD_Corporate Design,2025-09-14,6,0
7. LUX,2025-09-14,20,0
1_PRSB,2025-09-14,10445,0
7_ZMS Creative,2025-09-14,408,0
3_Content Design,2025-09-14,40,0
1_Payments Solutions (ZPS),2025-09-14,5447,12
Fulfillment - Transportation,2025-09-14,738,1
3_BD_Identity,2025-09-14,582,0
TRADEBYTE,2025-09-14,234,0
2_Size & Fit,2025-09-07,9648,10
Unified documentation,2025-09-07,83,0
1_FPX,2025-09-07,5353,1
7_ZMS Creative,2025-09-07,2642,0
2. Activate,2025-09-07,302,0
Zalando External Collaboration,2025-09-07,1,0
3_ZDS,2025-09-07,9350,0
3_The Studio,2025-09-07,2800,5
<Drafts>,2025-09-07,8762,1
Partner Tech - Tech & Data Foundation,2025-09-07,171,0
1_Payments Solutions (ZPS),2025-09-07,1620,5
3_BD_Corporate Design,2025-09-07,15,0
1_PRSB,2025-09-07,5968,3
3_Sustainability,2025-09-07,2675,0
Fulfillment - FFC,2025-09-07,24,0
3_BD_Campaign design,2025-09-07,3,0
7. LUX,2025-09-07,19,0
ZDS NEXT LIBRARIES,2025-09-07,8430,2
7_Content Solutions,2025-09-07,311,0
ZMS PI&D Team,2025-09-07,306,0
3_Statement Release - M2,2025-09-07,2140,0
1_Transactions,2025-09-07,7489,0
8. CFA - Overarching,2025-09-07,61,1
Fulfillment - CuCa,2025-09-07,1296,0
Partner Tech,2025-09-07,123,2
3_Elephant Feed,2025-09-07,4342,7
"Partner Tech - Partner Offers, Orders, Logistics, Analytics & Steering",2025-09-07,1,0
2_Propositions,2025-09-07,5120,4
TRADEBYTE,2025-09-07,273,1
6. Grow,2025-09-07,181,0
Fulfillment - Transportation,2025-09-07,357,0
3_D&I,2025-09-07,48,0
3_BD_Identity,2025-09-07,1349,0
4. Decide,2025-09-07,10,0
2_Loyalty_Plus Points Program,2025-09-07,6764,0
1_CXP_All,2025-09-07,10276,4
3_The Studio,2025-08-31,1492,10
<Drafts>,2025-08-31,21068,16
2_Loyalty_Plus Points Program,2025-08-31,8965,1
1_Transactions,2025-08-31,11527,5
4. Decide,2025-08-31,57,0
3_BD_Identity,2025-08-31,381,0
3_ZDS,2025-08-31,2738,3
3_Statement Release - M2,2025-08-31,2343,0
1_PRSB,2025-08-31,15413,4
1_FPX,2025-08-31,3372,1
Fulfillment - Transportation,2025-08-31,1387,0
"Partner Tech - Partner Offers, Orders, Logistics, Analytics & Steering",2025-08-31,4,0
2_Propositions,2025-08-31,9290,5
TRADEBYTE,2025-08-31,189,0
ZDS NEXT LIBRARIES,2025-08-31,9148,0
1_Payments Solutions (ZPS),2025-08-31,1901,0
3_BD_Campaign design,2025-08-31,2741,0
Partner Tech - Tech & Data Foundation,2025-08-31,270,0
3_Sustainability,2025-08-31,3379,1
1_CXP_All,2025-08-31,9074,2
7_ZMS Creative,2025-08-31,662,0
2. Activate,2025-08-31,513,7
3_Elephant Feed,2025-08-31,7870,4
6. Grow,2025-08-31,448,0
Fulfillment - CuCa,2025-08-31,92,0
3. Discover,2025-08-31,37,0
Fulfillment - FFC,2025-08-31,508,1
Collabary,2025-08-31,3,0
2_Size & Fit,2025-08-31,8640,8
Unified documentation,2025-08-31,28,0
3_BD_Performance design,2025-08-31,12,0
Design Lobby,2025-08-31,5,0
ZMS PI&D Team,2025-08-31,1900,0
6_Zeos,2025-08-31,3,0
4. Decide,2025-08-24,22,0
3_BD_Performance design,2025-08-24,28,0
7_ZMS Creative,2025-08-24,70,0
6_Zeos,2025-08-24,6,0
Fulfillment - Transportation,2025-08-24,1744,4
1_Payments Solutions (ZPS),2025-08-24,5012,1
1_PRSB,2025-08-24,10424,8
3_Elephant Feed,2025-08-24,5151,0
Partner Tech - Articles,2025-08-24,4,0
Partner Tech - Assortment & Inbound,2025-08-24,30,0
2_Loyalty_Plus Points Program,2025-08-24,3001,0
3. Discover,2025-08-24,20,0
1_Transactions,2025-08-24,3126,7
3_ZDS,2025-08-24,8520,5
3_BD_Identity,2025-08-24,630,0
Fulfillment - FFC,2025-08-24,770,0
3_D&I,2025-08-24,421,1
3_BD_Campaign design,2025-08-24,3528,0
3_Statement Release - M2,2025-08-24,925,0
Fulfillment - CuCa,2025-08-24,14,0
Partner Tech - Tech & Data Foundation,2025-08-24,68,1
7_Content Solutions,2025-08-24,1064,0
<Drafts>,2025-08-24,26202,6
2_Propositions,2025-08-24,7016,0
Unified documentation,2025-08-24,83,0
1_CXP_All,2025-08-24,10548,2
1_FPX,2025-08-24,25037,2
TRADEBYTE,2025-08-24,179,11
"Partner Tech - Partner Offers, Orders, Logistics, Analytics & Steering",2025-08-24,4,0
6. Grow,2025-08-24,567,0
2. Activate,2025-08-24,155,1
ZDS NEXT LIBRARIES,2025-08-24,6212,2
2_Size & Fit,2025-08-24,19533,1
3_The Studio,2025-08-24,991,0
ZMS PI&D Team,2025-08-24,609,0
7. LUX,2025-08-24,2,0
2. Activate,2025-08-17,27,0
3_The Studio,2025-08-17,3448,0
3_Elephant Feed,2025-08-17,6481,0
6. Grow,2025-08-17,160,0
1_PRSB,2025-08-17,6972,0
2_Size & Fit,2025-08-17,15692,1
2_Loyalty_Plus Points Program,2025-08-17,9174,0
2_Plus Membership (Phasing out),2025-08-17,77,0
"Partner Tech - Partner Offers, Orders, Logistics, Analytics & Steering",2025-08-17,1,0
ZDS theme libraries (TEST),2025-08-17,18,0
Fulfillment - FFC,2025-08-17,4652,0
Design Lobby,2025-08-17,13,0
2_Propositions,2025-08-17,4985,2
1_FPX,2025-08-17,28029,4
3_BD_Campaign design,2025-08-17,1802,2
3_D&I,2025-08-17,281,0
3_BD_Identity,2025-08-17,203,0
3. Discover,2025-08-17,7,0
1_Payments Solutions (ZPS),2025-08-17,3535,2
Unified documentation,2025-08-17,52,0
TRADEBYTE,2025-08-17,240,0
3_BD_Corporate Design,2025-08-17,44,2
3_ZDS,2025-08-17,1601,10
3_BD_Performance design,2025-08-17,135,0
ZDS NEXT LIBRARIES,2025-08-17,3344,1
1_Transactions,2025-08-17,1504,4
Fulfillment - CuCa,2025-08-17,438,2
ZMS PI&D Team,2025-08-17,609,0
<Drafts>,2025-08-17,22538,7
3_Statement Release - M2,2025-08-17,1554,0
7_ZMS Creative,2025-08-17,525,0
Partner Tech - Articles,2025-08-17,6,0
Fulfillment - Transportation,2025-08-17,328,1
1_CXP_All,2025-08-17,2874,2
Partner Tech - Tech & Data Foundation,2025-08-17,250,0
7. LUX,2025-08-17,26,0
Fulfillment - FFC,2025-08-10,154,2
"Partner Tech - Partner Offers, Orders, Logistics, Analytics & Steering",2025-08-10,7,0
ZDS NEXT LIBRARIES,2025-08-10,6347,6
7_ZMS Creative,2025-08-10,275,0
2_Size & Fit,2025-08-10,14658,4
1_FPX,2025-08-10,22332,3
7. LUX,2025-08-10,6,0
3_BD_Campaign design,2025-08-10,48,0
Partner Tech - Articles,2025-08-10,7,0
4. Decide,2025-08-10,29,0
2_Propositions,2025-08-10,9555,5
3_ZDS,2025-08-10,966,1
2_Loyalty_Plus Points Program,2025-08-10,5491,7
1_CXP_DSA,2025-08-10,11,0
Fulfillment - Transportation,2025-08-10,445,3
1_CXP_All,2025-08-10,6978,0
1_Transactions,2025-08-10,1589,3
<Drafts>,2025-08-10,11016,7
Lounge by Zalando - Brand & Creative - Design Team,2025-08-10,6,0
3_Elephant Feed,2025-08-10,11959,1
3_BD_Identity,2025-08-10,602,0
3_The Studio,2025-08-10,5435,1
6. Grow,2025-08-10,18,0
TRADEBYTE,2025-08-10,776,0
1_PRSB,2025-08-10,14204,5
ZMS PI&D Team,2025-08-10,1560,0
3_Statement Release - M2,2025-08-10,433,0
6_Zeos,2025-08-10,11,0
1_Payments Solutions (ZPS),2025-08-10,4893,8
3_BD_Performance design,2025-08-10,665,0
Design Lobby,2025-08-10,376,0
Partner Tech - Tech & Data Foundation,2025-08-10,27,0
2. Activate,2025-08-10,86,0
3_D&I,2025-08-10,110,0
5. Convert,2025-08-10,37,0
<Drafts>,2025-08-03,38105,9
6_Zeos,2025-08-03,2,0
7_ZMS Creative,2025-08-03,325,0
3_BD_Corporate Design,2025-08-03,1,0
2_Propositions,2025-08-03,12279,2
1_Transactions,2025-08-03,1192,1
Fulfillment - Transportation,2025-08-03,2,0
Partner Tech - Tech & Data Foundation,2025-08-03,11,0
Partner Tech - Articles,2025-08-03,2,0
3_The Studio,2025-08-03,7174,25
1_PRSB,2025-08-03,11574,2
3_Content Design,2025-08-03,56,0
3_ZDS,2025-08-03,3576,2
1_CXP_All,2025-08-03,6837,6
1_FPX,2025-08-03,32446,7
2_Plus Membership (Phasing out),2025-08-03,36,0
3_D&I,2025-08-03,860,2
2_Loyalty_Plus Points Program,2025-08-03,2303,0
3_Elephant Feed,2025-08-03,21308,2
Fulfillment - FFC,2025-08-03,189,0
TRADEBYTE,2025-08-03,741,0
2_Size & Fit,2025-08-03,10236,1
ZMS PI&D Team,2025-08-03,245,0
"Partner Tech - Partner Offers, Orders, Logistics, Analytics & Steering",2025-08-03,8,0
3_BD_Campaign design,2025-08-03,1081,0
1_Payments Solutions (ZPS),2025-08-03,9882,6
3_Statement Release - M2,2025-08-03,710,0
3_BD_Identity,2025-08-03,511,0
Fulfillment - CuCa,2025-08-03,458,4
Design Lobby,2025-08-03,117,0
7. LUX,2025-08-03,87,0
ZDS NEXT LIBRARIES,2025-07-27,569,0
6_Zeos,2025-07-27,3,0
2. Activate,2025-07-27,9,0
3_BD_Corporate Design,2025-07-27,17,0
1_FPX,2025-07-27,34404,1
Partner Tech - Tech & Data Foundation,2025-07-27,10,0
Partner Tech,2025-07-27,1,1
1_CXP_All,2025-07-27,12850,2
4. Decide,2025-07-27,6,0
1_PRSB,2025-07-27,6907,0
Partner Tech - Articles,2025-07-27,5,0
<Drafts>,2025-07-27,33446,3
8. CFA - Overarching,2025-07-27,2,0
3. Discover,2025-07-27,14,0
"Partner Tech - Partner Offers, Orders, Logistics, Analytics & Steering",2025-07-27,6,0
3_BD_Campaign design,2025-07-27,4800,0
2_Propositions,2025-07-27,4324,0
3_ZDS,2025-07-27,1818,0
7. LUX,2025-07-27,21,0
2_Size & Fit,2025-07-27,9158,2
7_ZMS Creative,2025-07-27,71,0
ZMS PI&D Team,2025-07-27,39,0
3_BD_Identity,2025-07-27,134,2
1_Payments Solutions (ZPS),2025-07-27,1189,1
3_The Studio,2025-07-27,29435,7
3_Elephant Feed,2025-07-27,13221,3
2_Loyalty_Plus Points Program,2025-07-27,1469,0
TRADEBYTE,2025-07-27,1084,0
1_Transactions,2025-07-27,3288,0
3_D&I,2025-07-27,69,0
3_BD_Performance design,2025-07-27,3,0
3_Statement Release - M2,2025-07-27,113,0
5. Convert,2025-07-27,9,0
Fulfillment - Transportation,2025-07-27,2,0
Fulfillment - FFC,2025-07-27,181,0
3_BD_Campaign design,2025-07-20,368,0
3_BD_Performance design,2025-07-20,162,0
Lounge B2E ðŸ”§,2025-07-20,6,0
3_ZDS,2025-07-20,13227,5
ZMS PI&D Team,2025-07-20,510,0
1_CXP_All,2025-07-20,5692,5
3_BD_Identity,2025-07-20,509,0
ZDS NEXT LIBRARIES,2025-07-20,5029,7
3_Statement Release - M2,2025-07-20,4179,0
6_Zeos,2025-07-20,1,0
1_Transactions,2025-07-20,2293,1
1_PRSB,2025-07-20,12393,9
3_D&I,2025-07-20,164,2
1_Payments Solutions (ZPS),2025-07-20,2775,0
Partner Tech - Articles,2025-07-20,6,0
2_Loyalty_Plus Points Program,2025-07-20,1925,1
2_Propositions,2025-07-20,5375,11
Fulfillment - CuCa,2025-07-20,39,0
3_The Studio,2025-07-20,23707,5
Fulfillment - FFC,2025-07-20,28,0
3_Sustainability,2025-07-20,54,0
7_ZMS Creative,2025-07-20,46,0
TRADEBYTE,2025-07-20,238,0
3_BD_Corporate Design,2025-07-20,103,0
4. Decide,2025-07-20,25,0
2_Size & Fit,2025-07-20,13757,6
<Drafts>,2025-07-20,15197,19
Design Lobby,2025-07-20,26,0
Fulfillment - Transportation,2025-07-20,3,0
3_Elephant Feed,2025-07-20,8403,0
1_FPX,2025-07-20,45369,14
Collabary,2025-07-20,11,0
6. Grow,2025-07-20,10,0
7. LUX,2025-07-20,24,0
Partner Tech - Tech & Data Foundation,2025-07-20,55,0
7_Content Solutions,2025-07-20,12,0
8. CFA - Overarching,2025-07-20,156,0
6. Grow,2025-07-13,23,0
ZMS PI&D Team,2025-07-13,184,0
7_Content Solutions,2025-07-13,148,0
ZDS NEXT LIBRARIES,2025-07-13,2161,4
1_Transactions,2025-07-13,1003,4
2_Loyalty_Plus Points Program,2025-07-13,2851,6
1_PRSB,2025-07-13,5411,2
2_Propositions,2025-07-13,3424,0
3_The Studio,2025-07-13,3168,1
7. LUX,2025-07-13,13,0
4. Decide,2025-07-13,4,0
3_BD_Performance design,2025-07-13,1,0
Fulfillment - Transportation,2025-07-13,69,0
3_ZDS,2025-07-13,7133,2
TRADEBYTE,2025-07-13,217,0
1_FPX,2025-07-13,15802,1
7_ZMS Creative,2025-07-13,1417,0
8. CFA - Overarching,2025-07-13,220,0
3_BD_Campaign design,2025-07-13,46,0
<Drafts>,2025-07-13,15246,8
3_Statement Release - M2,2025-07-13,420,0
1_Payments Solutions (ZPS),2025-07-13,575,0
3_D&I,2025-07-13,58,0
Fulfillment - CuCa,2025-07-13,71,0
3_BD_Identity,2025-07-13,244,0
3_Elephant Feed,2025-07-13,4640,1
Fulfillment - FFC,2025-07-13,16,0
3_Sustainability,2025-07-13,184,4
2_Size & Fit,2025-07-13,11160,13
1_CXP_All,2025-07-13,2520,3
Partner Tech - Tech & Data Foundation,2025-07-13,357,0
1_FPX,2025-07-06,33846,34
ZMS PI&D Team,2025-07-06,315,0
Fulfillment - Transportation,2025-07-06,19,0
3_Sustainability,2025-07-06,3683,0
2_Loyalty_Plus Points Program,2025-07-06,2976,0
1_Payments Solutions (ZPS),2025-07-06,2052,0
1_PRSB,2025-07-06,8387,3
6. Grow,2025-07-06,293,0
3_BD_Corporate Design,2025-07-06,1,0
3_BD_Performance design,2025-07-06,56,1
<Drafts>,2025-07-06,47214,13
2_Size & Fit,2025-07-06,20784,16
Partner Tech - Tech & Data Foundation,2025-07-06,18,0
1_Transactions,2025-07-06,797,1
Fulfillment â€“ WMS,2025-07-06,1,0
3_Elephant Feed,2025-07-06,1689,0
4. Decide,2025-07-06,3,0
2. Activate,2025-07-06,34,0
3_The Studio,2025-07-06,10299,13
TRADEBYTE,2025-07-06,888,1
7_ZMS Creative,2025-07-06,519,0
2_Propositions,2025-07-06,1357,1
Design Lobby,2025-07-06,37,1
3_ZDS,2025-07-06,698,2
3_BD_Identity,2025-07-06,67,0
Fulfillment - CuCa,2025-07-06,1645,4
"Partner Tech - Partner Offers, Orders, Logistics, Analytics & Steering",2025-07-06,1,0
7_Content Solutions,2025-07-06,266,0
1_CXP_All,2025-07-06,960,1
7. LUX,2025-07-06,2,2
Lounge B2E ðŸ”§,2025-07-06,2,0
3_BD_Campaign design,2025-07-06,343,0
5. Convert,2025-07-06,574,0
Fulfillment - FFC,2025-06-29,1,0
6_Zeos,2025-06-29,8,0
7. LUX,2025-06-29,1,1
3_BD_Performance design,2025-06-29,2198,0
Fulfillment - CuCa,2025-06-29,685,1
2_Size & Fit,2025-06-29,5319,3
TRADEBYTE,2025-06-29,188,37
3_BD_Corporate Design,2025-06-29,151,0
2_Loyalty_Plus Points Program,2025-06-29,776,0
3. Discover,2025-06-29,1,0
2_Propositions,2025-06-29,6904,2
1_CXP_All,2025-06-29,1681,0
Partner Tech - Assortment & Inbound,2025-06-29,4,0
Partner Tech - Tech & Data Foundation,2025-06-29,32,0
<Drafts>,2025-06-29,19607,68
3_Sustainability,2025-06-29,748,0
ZMS PI&D Team,2025-06-29,278,0
3_Elephant Feed,2025-06-29,632,0
1_Payments Solutions (ZPS),2025-06-29,1088,0
Fulfillment â€“ WMS,2025-06-29,141,0
3_ZDS,2025-06-29,55,0
1_FPX,2025-06-29,27526,4
1_Transactions,2025-06-29,3550,0
3_The Studio,2025-06-29,4580,0
3_BD_Identity,2025-06-29,534,22
5. Convert,2025-06-29,36,0
7_ZMS Creative,2025-06-29,846,0
Fulfillment - Transportation,2025-06-29,24,0
1_PRSB,2025-06-29,21414,5
6. Grow,2025-06-29,131,0
ZDS NEXT LIBRARIES,2025-06-29,237,0
2. Activate,2025-06-29,1,0
3_Statement Release - M2,2025-06-29,830,0
CRM_Lounge,2025-06-29,30,0
7_Content Solutions,2025-06-29,1847,0
Partner Tech - Articles,2025-06-29,10,0
4. Decide,2025-06-29,5,0
4. Decide,2025-06-22,17,0
6_Zeos,2025-06-22,4,0
"Partner Tech - Partner Offers, Orders, Logistics, Analytics & Steering",2025-06-22,18,0
1_Payments Solutions (ZPS),2025-06-22,913,1
3_ZDS,2025-06-22,5685,20
1_PRSB,2025-06-22,7369,1
3_Sustainability,2025-06-22,2311,4
2. Activate,2025-06-22,6,0
Partner Tech - Articles,2025-06-22,5,0
6. Grow,2025-06-22,236,0
3_The Studio,2025-06-22,19602,15
2_Propositions,2025-06-22,2780,5
1_Transactions,2025-06-22,2887,2
2_Loyalty_Plus Points Program,2025-06-22,716,0
Fulfillment - CuCa,2025-06-22,942,0
1_CXP_All,2025-06-22,4335,3
1_FPX,2025-06-22,28805,13
2_Size & Fit,2025-06-22,5692,0
7. LUX,2025-06-22,88,0
3_Statement Release - M2,2025-06-22,749,0
3_D&I,2025-06-22,130,1
ZDS NEXT LIBRARIES,2025-06-22,2043,6
3_Elephant Feed,2025-06-22,146,0
5. Convert,2025-06-22,329,0
Partner Tech,2025-06-22,24,2
Fulfillment - Transportation,2025-06-22,193,0
3_BD_Identity,2025-06-22,37,0
Partner Tech - Assortment & Inbound,2025-06-22,10,0
3_BD_Performance design,2025-06-22,1925,0
ZMS PI&D Team,2025-06-22,185,0
<Drafts>,2025-06-22,21128,28
TRADEBYTE,2025-06-22,181,0
7_ZMS Creative,2025-06-22,549,0
3_BD_Campaign design,2025-06-22,270,0
3. Discover,2025-06-22,30,0
Partner Tech - Tech & Data Foundation,2025-06-22,1,0
Lounge B2E ðŸ”§,2025-06-15,36,0
2_Plus Membership (Phasing out),2025-06-15,3,0
Fulfillment - Transportation,2025-06-15,3,0
Partner Tech - Articles,2025-06-15,7,0
6. Grow,2025-06-15,10,0
ZMS PI&D Team,2025-06-15,360,0
1_FPX,2025-06-15,24106,12
<Drafts>,2025-06-15,19489,14
1_Transactions,2025-06-15,3562,1
6_Zeos,2025-06-15,8,0
8. CFA - Overarching,2025-06-15,1,0
ZDS theme libraries (TEST),2025-06-15,6,0
4. Decide,2025-06-15,47,0
1_PRSB,2025-06-15,13699,8
2. Activate,2025-06-15,3,0
3_Elephant Feed,2025-06-15,176,0
3_BD_Identity,2025-06-15,304,0
1_CXP_All,2025-06-15,2282,4
3_BD_Performance design,2025-06-15,4256,1
2_Propositions,2025-06-15,5818,28
3. Discover,2025-06-15,83,0
2_Loyalty_Plus Points Program,2025-06-15,1908,0
7_ZMS Creative,2025-06-15,801,0
Fulfillment - CuCa,2025-06-15,73,0
Partner Tech,2025-06-15,75,0
3_Sustainability,2025-06-15,1736,0
3_ZDS,2025-06-15,23621,2
3_The Studio,2025-06-15,7024,5
5. Convert,2025-06-15,30,0
TRADEBYTE,2025-06-15,83,0
ZDS NEXT LIBRARIES,2025-06-15,5411,5
7. LUX,2025-06-15,165,0
"Partner Tech - Partner Offers, Orders, Logistics, Analytics & Steering",2025-06-15,9,0
2_Size & Fit,2025-06-15,189,0
3_BD_Campaign design,2025-06-15,3,0
1_Payments Solutions (ZPS),2025-06-15,773,0
CRM_Lounge,2025-06-15,53,0
7_Content Solutions,2025-06-08,2,0
"Partner Tech - Partner Offers, Orders, Logistics, Analytics & Steering",2025-06-08,27,30
<Drafts>,2025-06-08,16468,14
Lounge B2E ðŸ”§,2025-06-08,48,0
8. CFA - Overarching,2025-06-08,5,0
6. Grow,2025-06-08,23,0
3_BD_Campaign design,2025-06-08,938,0
ZMS PI&D Team,2025-06-08,639,0
1_FPX,2025-06-08,13877,7
3_BD_Performance design,2025-06-08,720,0
Fulfillment - Transportation,2025-06-08,2,0
7. LUX,2025-06-08,7,0
3. Discover,2025-06-08,32,0
3_Sustainability,2025-06-08,899,1
1_PRSB,2025-06-08,8377,10
3_ZDS,2025-06-08,18434,9
2_Plus Membership (Phasing out),2025-06-08,2539,0
3_Elephant Feed,2025-06-08,1279,0
5. Convert,2025-06-08,37,1
2_Size & Fit,2025-06-08,2670,3
2_Propositions,2025-06-08,10008,8
1_Payments Solutions (ZPS),2025-06-08,1541,0
TRADEBYTE,2025-06-08,49,0
3_BD_Identity,2025-06-08,81,0
Design Lobby,2025-06-08,4,0
Partner Tech - Articles,2025-06-08,28,0
3_Statement Release - M2,2025-06-08,102,0
2. Activate,2025-06-08,47,0
1_CXP_All,2025-06-08,2436,2
4. Decide,2025-06-08,30,0
Partner Tech,2025-06-08,10,0
2_Loyalty_Plus Points Program,2025-06-08,1686,0
ZDS NEXT LIBRARIES,2025-06-08,2220,2
CRM_Lounge,2025-06-08,80,0
3_The Studio,2025-06-08,8324,3
1_Transactions,2025-06-08,16148,1
3_D&I,2025-06-08,22,0
ZDS NEXT LIBRARIES,2025-06-01,4213,0
6. Grow,2025-06-01,4,0
1_CXP_All,2025-06-01,1489,0
6_Zeos,2025-06-01,3,0
Design Lobby,2025-06-01,8,0
3_Elephant Feed,2025-06-01,909,0
5. Convert,2025-06-01,105,0
CRM_Lounge,2025-06-01,67,0
Fulfillment - CuCa,2025-06-01,556,0
<Drafts>,2025-06-01,19748,15
Partner Tech - Tech & Data Foundation,2025-06-01,56,0
Fulfillment - Transportation,2025-06-01,20,0
1_PRSB,2025-06-01,9111,21
Unified documentation,2025-06-01,84,0
2_Size & Fit,2025-06-01,3092,8
"Partner Tech - Partner Offers, Orders, Logistics, Analytics & Steering",2025-06-01,5,306
Team not visible,2025-06-01,137,0
3_ZDS,2025-06-01,18607,18
3. Discover,2025-06-01,3,1
2. Activate,2025-06-01,170,0
TRADEBYTE,2025-06-01,2,0
1_Transactions,2025-06-01,1070,0
2_Loyalty_Plus Points Program,2025-06-01,64,0
ZMS PI&D Team,2025-06-01,996,0
1_FPX,2025-06-01,17465,14
7_ZMS Creative,2025-06-01,879,0
2_Propositions,2025-06-01,12241,3
3_D&I,2025-06-01,295,0
2_Plus Membership (Phasing out),2025-06-01,110,0
Partner Tech - Articles,2025-06-01,16,0
3_Statement Release - M2,2025-06-01,1269,0
3_BD_Performance design,2025-06-01,1566,0
Partner Tech,2025-06-01,199,0
3_Sustainability,2025-06-01,2919,6
3_The Studio,2025-06-01,6737,13
1_Payments Solutions (ZPS),2025-06-01,286,0
Collabary,2025-06-01,3,0
3_BD_Identity,2025-06-01,17,0
CRM_Lounge,2025-05-25,1,0
Fulfillment - Transportation,2025-05-25,135,0
TRADEBYTE,2025-05-25,27,0
3_Sustainability,2025-05-25,127,0
Partner Tech - Articles,2025-05-25,50,0
3_BD_Identity,2025-05-25,345,0
7_ZMS Creative,2025-05-25,459,0
Partner Tech,2025-05-25,4,0
2_Loyalty_Plus Points Program,2025-05-25,899,0
Partner Tech - Tech & Data Foundation,2025-05-25,23,0
3_ZDS,2025-05-25,33009,4
Design Lobby,2025-05-25,4,0
ZDS NEXT LIBRARIES,2025-05-25,5371,1
1_PRSB,2025-05-25,6305,1
1_FPX,2025-05-25,10379,3
1_Payments Solutions (ZPS),2025-05-25,3181,0
2_Size & Fit,2025-05-25,3741,2
<Drafts>,2025-05-25,34185,13
3_Statement Release - M2,2025-05-25,446,0
Team not visible,2025-05-25,2236,3
6_Zeos,2025-05-25,5,0
1_CXP_All,2025-05-25,3197,1
3_The Studio,2025-05-25,6540,1
3_Elephant Feed,2025-05-25,55,0
4. Decide,2025-05-25,1,0
2_Propositions,2025-05-25,3823,0
7. LUX,2025-05-25,48,0
Fulfillment - CuCa,2025-05-25,849,0
ZMS PI&D Team,2025-05-25,28,0
2. Activate,2025-05-25,20,0
"Partner Tech - Partner Offers, Orders, Logistics, Analytics & Steering",2025-05-25,292,0
1_Transactions,2025-05-25,79,0
5. Convert,2025-05-25,111,0
6. Grow,2025-05-25,6,0
Fulfillment - FFC,2025-05-25,262,0
"Partner Tech - Partner Offers, Orders, Logistics, Analytics & Steering",2025-05-18,3,0
Partner Tech - Tech & Data Foundation,2025-05-18,59,0
4. Decide,2025-05-18,3,0
ZDS NEXT LIBRARIES,2025-05-18,3612,2
7_Content Solutions,2025-05-18,6,0
1_PRSB,2025-05-18,4249,11
3_Sustainability,2025-05-18,1002,0
Team not visible,2025-05-18,353,1
3_Elephant Feed,2025-05-18,777,0
Fulfillment - Transportation,2025-05-18,125,0
3_BD_Performance design,2025-05-18,103,0
TRADEBYTE,2025-05-18,99,0
3_Statement Release - M2,2025-05-18,746,0
Design Lobby,2025-05-18,33,0
3_ZDS,2025-05-18,13948,11
3_The Studio,2025-05-18,7106,10
1_CXP_All,2025-05-18,5231,2
1_Payments Solutions (ZPS),2025-05-18,1229,5
2_Loyalty_Plus Points Program,2025-05-18,313,2
2_Size & Fit,2025-05-18,4597,5
2. Activate,2025-05-18,330,6
3_BD_Identity,2025-05-18,209,0
<Drafts>,2025-05-18,35826,14
2_Propositions,2025-05-18,5740,1
7_ZMS Creative,2025-05-18,660,0
1_FPX,2025-05-18,8173,4
ZMS PI&D Team,2025-05-18,373,1
Partner Tech - Articles,2025-05-18,68,0
7. LUX,2025-05-18,7,0
3_D&I,2025-05-18,1,0
1_Transactions,2025-05-18,2146,2
5. Convert,2025-05-18,7,0
Fulfillment - CuCa,2025-05-18,524,0
3_BD_Campaign design,2025-05-18,96,0
Partner Tech,2025-05-18,5,0
Fulfillment â€“ WMS,2025-05-18,2,1
3_Sustainability,2025-05-11,2280,4
Partner Tech - Tech & Data Foundation,2025-05-11,17,0
6_Zeos,2025-05-11,1,0
1_Transactions,2025-05-11,1621,3
7_Content Solutions,2025-05-11,1,0
ZMS PI&D Team,2025-05-11,92,0
Fulfillment - CuCa,2025-05-11,3504,0
3_BD_Performance design,2025-05-11,360,0
5. Convert,2025-05-11,11,0
ZDS NEXT LIBRARIES,2025-05-11,5510,0
2. Activate,2025-05-11,50,0
2_Propositions,2025-05-11,1878,2
3_The Studio,2025-05-11,5370,2
8. CFA - Overarching,2025-05-11,7,0
3_Elephant Feed,2025-05-11,4740,1
2_Loyalty_Plus Points Program,2025-05-11,457,5
Partner Tech,2025-05-11,6,71
1_FPX,2025-05-11,4827,5
3_BD_Identity,2025-05-11,108,0
3_ZDS,2025-05-11,12620,6
TRADEBYTE,2025-05-11,14,0
4. Decide,2025-05-11,317,0
7. LUX,2025-05-11,20,9
1_CXP_All,2025-05-11,2209,1
1_PRSB,2025-05-11,1957,1
2_Size & Fit,2025-05-11,10322,2
Team not visible,2025-05-11,16,0
3_Statement Release - M2,2025-05-11,519,0
1_Payments Solutions (ZPS),2025-05-11,320,3
<Drafts>,2025-05-11,32679,14
"Partner Tech - Partner Offers, Orders, Logistics, Analytics & Steering",2025-05-11,21,0
Partner Tech - Articles,2025-05-11,5,0
Fulfillment - Transportation,2025-05-11,24,0
1_CXP_All,2025-05-04,8682,3
6_Zeos,2025-05-04,2,0
"Partner Tech - Partner Offers, Orders, Logistics, Analytics & Steering",2025-05-04,18,0
7. LUX,2025-05-04,1,0
Partner Tech - Articles,2025-05-04,4,0
6. Grow,2025-05-04,3,0
2_Propositions,2025-05-04,2105,4
2_Loyalty_Plus Points Program,2025-05-04,384,4
8. CFA - Overarching,2025-05-04,216,0
3_ZDS,2025-05-04,27941,7
Fulfillment - CuCa,2025-05-04,1236,0
3_D&I,2025-05-04,468,0
<Drafts>,2025-05-04,16964,22
3_Elephant Feed,2025-05-04,14057,0
3_Sustainability,2025-05-04,3124,9
1_PRSB,2025-05-04,3013,2
3_BD_Identity,2025-05-04,616,0
Fulfillment - FFC,2025-05-04,34,0
1_Transactions,2025-05-04,254,0
ZMS PI&D Team,2025-05-04,287,0
1_Payments Solutions (ZPS),2025-05-04,138,0
TRADEBYTE,2025-05-04,24,0
3_BD_Campaign design,2025-05-04,24,0
3_BD_Performance design,2025-05-04,421,3
1_FPX,2025-05-04,7763,5
5. Convert,2025-05-04,19,0
2_Size & Fit,2025-05-04,8337,0
3_Statement Release - M2,2025-05-04,1344,0
3_The Studio,2025-05-04,4298,8
Team not visible,2025-05-04,195,0
ZDS NEXT LIBRARIES,2025-05-04,2725,1
3_Content Design,2025-05-04,68,0
Unified documentation,2025-05-04,202,0
2. Activate,2025-04-27,22,0
Partner Tech - Articles,2025-04-27,1,0
3_The Studio,2025-04-27,2283,0
3_Elephant Feed,2025-04-27,3912,3
ZMS PI&D Team,2025-04-27,468,0
7_Content Solutions,2025-04-27,2,0
Fulfillment - CuCa,2025-04-27,165,1
2_Loyalty_Plus Points Program,2025-04-27,374,0
TRADEBYTE,2025-04-27,35,0
CRM_Lounge,2025-04-27,1,0
3_BD_Performance design,2025-04-27,795,0
2_Propositions,2025-04-27,2008,4
6_Zeos,2025-04-27,4,0
3_ZDS,2025-04-27,24799,6
1_CXP_All,2025-04-27,3416,3
1_Payments Solutions (ZPS),2025-04-27,832,0
ZDS NEXT LIBRARIES,2025-04-27,2225,1
Fulfillment - Transportation,2025-04-27,1,0
<Drafts>,2025-04-27,14016,12
Team not visible,2025-04-27,34,0
Partner Tech - Tech & Data Foundation,2025-04-27,24,0
1_FPX,2025-04-27,13939,1
6. Grow,2025-04-27,8,0
1_PRSB,2025-04-27,707,0
Fulfillment - FFC,2025-04-27,142,0
"Partner Tech - Partner Offers, Orders, Logistics, Analytics & Steering",2025-04-27,14,0
Partner Tech,2025-04-27,1,0
3_D&I,2025-04-27,241,0
7. LUX,2025-04-27,1,0
3_BD_Identity,2025-04-27,1508,1
3_Sustainability,2025-04-27,5003,2
5. Convert,2025-04-27,9,0
Fulfillment â€“ WMS,2025-04-27,3,0
2_Size & Fit,2025-04-27,3227,0
3_Statement Release - M2,2025-04-27,646,0
3_BD_Campaign design,2025-04-27,12,0
Partner Tech - Articles,2025-04-20,1,0
ZDS NEXT LIBRARIES,2025-04-20,5346,0
3_BD_Campaign design,2025-04-20,6,0
2. Activate,2025-04-20,73,0
CRM_Lounge,2025-04-20,2,0
3_D&I,2025-04-20,2,0
Fulfillment - FFC,2025-04-20,73,0
2_Size & Fit,2025-04-20,4826,0
"Partner Tech - Partner Offers, Orders, Logistics, Analytics & Steering",2025-04-20,64,0
2_Loyalty_Plus Points Program,2025-04-20,1394,1
3_ZDS,2025-04-20,18415,2
3_Elephant Feed,2025-04-20,2989,1
Team not visible,2025-04-20,6,0
<Drafts>,2025-04-20,16735,18
Fulfillment - CuCa,2025-04-20,396,0
1_CXP_All,2025-04-20,4525,1
3_The Studio,2025-04-20,9774,9
3_BD_Identity,2025-04-20,561,0
ZMS Landing page,2025-04-20,58,0
Unified documentation,2025-04-20,54,0
2_Propositions,2025-04-20,10066,6
ZMS PI&D Team,2025-04-20,547,0
1_Transactions,2025-04-20,65,0
4. Decide,2025-04-20,22,0
3_Statement Release - M2,2025-04-20,395,0
3_Sustainability,2025-04-20,4563,5
1_FPX,2025-04-20,37803,6
Lounge B2E ðŸ”§,2025-04-20,1,0
TRADEBYTE,2025-04-20,135,0
6_Zeos,2025-04-20,9,0
1_Payments Solutions (ZPS),2025-04-20,22,2
Fulfillment - Transportation,2025-04-20,15,0
Partner Tech - Assortment & Inbound,2025-04-20,2,0
ZDS theme libraries (TEST),2025-04-20,57,0
1_PRSB,2025-04-20,1222,1
7_ZMS Creative,2025-04-20,570,0
Design Lobby,2025-04-20,1,0
Partner Tech - Tech & Data Foundation,2025-04-13,47,0
6_Zeos,2025-04-13,4,0
7_Content Solutions,2025-04-13,6,0
3_BD_Campaign design,2025-04-13,5,0
Partner Tech,2025-04-13,2,0
3_Sustainability,2025-04-13,2461,0
Team not visible,2025-04-13,2,0
3_D&I,2025-04-13,177,0
ZDS theme libraries (TEST),2025-04-13,4,0
1_PRSB,2025-04-13,3180,2
7_ZMS Creative,2025-04-13,1197,0
1_CXP_All,2025-04-13,1065,1
2_Propositions,2025-04-13,11645,13
3_ZDS,2025-04-13,32907,6
1_Transactions,2025-04-13,88,1
Fulfillment - CuCa,2025-04-13,395,0
ZDS NEXT LIBRARIES,2025-04-13,6820,6
1_Payments Solutions (ZPS),2025-04-13,1059,0
Design Lobby,2025-04-13,64,0
2. Activate,2025-04-13,172,0
3_The Studio,2025-04-13,9272,5
2_Loyalty_Plus Points Program,2025-04-13,2467,4
Fulfillment - FFC,2025-04-13,89,0
1_FPX,2025-04-13,5974,5
3_Statement Release - M2,2025-04-13,2579,0
3_BD_Identity,2025-04-13,166,0
2_Size & Fit,2025-04-13,5425,16
3_Elephant Feed,2025-04-13,12832,0
Fulfillment - Transportation,2025-04-13,62,0
<Drafts>,2025-04-13,10293,6
ZMS PI&D Team,2025-04-13,474,0
TRADEBYTE,2025-04-13,529,0
Partner Tech - Tech & Data Foundation,2025-04-06,86,0
7. LUX,2025-04-06,13,0
Team not visible,2025-04-06,1314,0
4. Decide,2025-04-06,15,0
2_Propositions,2025-04-06,15199,8
1_Transactions,2025-04-06,2793,0
3_Sustainability,2025-04-06,542,0
3_The Studio,2025-04-06,12192,2
3_BD_Identity,2025-04-06,165,0
1_PRSB,2025-04-06,4644,7
2_Size & Fit,2025-04-06,7742,132
3_ZDS,2025-04-06,20258,5
Fulfillment - FFC,2025-04-06,17,0
ZMS PI&D Team,2025-04-06,1005,0
3_Elephant Feed,2025-04-06,4708,3
6. Grow,2025-04-06,5,0
Fulfillment - CuCa,2025-04-06,904,0
2_Loyalty_Plus Points Program,2025-04-06,4351,0
1_CXP_All,2025-04-06,8576,4
2_Plus Membership (Phasing out),2025-04-06,191,0
1_Payments Solutions (ZPS),2025-04-06,1009,1
2. Activate,2025-04-06,50,2
1_FPX,2025-04-06,2211,4
3_BD_Campaign design,2025-04-06,444,2
<Drafts>,2025-04-06,9573,17
3_Statement Release - M2,2025-04-06,35,0
Partner Tech - Articles,2025-04-06,11,0
ZDS NEXT LIBRARIES,2025-04-06,8283,7
3_D&I,2025-04-06,46,0
TRADEBYTE,2025-04-06,177,0
ZMS Landing page,2025-04-06,0,308
7_ZMS Creative,2025-04-06,1856,0
Partner Tech,2025-04-06,2,0
Fulfillment - Transportation,2025-04-06,1,0
"Partner Tech - Partner Offers, Orders, Logistics, Analytics & Steering",2025-04-06,13,0
6_Zeos,2025-03-30,6,0
Partner Tech - Assortment & Inbound,2025-03-30,6,0
Partner Tech,2025-03-30,1,0
<Drafts>,2025-03-30,18692,2
Fulfillment - CuCa,2025-03-30,70,0
3_Sustainability,2025-03-30,1591,2
Partner Tech - Tech & Data Foundation,2025-03-30,78,0
ZMS PI&D Team,2025-03-30,177,0
1_Payments Solutions (ZPS),2025-03-30,374,0
7_ZMS Creative,2025-03-30,1732,0
2_Size & Fit,2025-03-30,1077,1
ZDS theme libraries (TEST),2025-03-30,4,0
7_Content Solutions,2025-03-30,21,0
1_CXP_All,2025-03-30,2941,1
ZDS NEXT LIBRARIES,2025-03-30,5069,1
2_Propositions,2025-03-30,7490,9
6. Grow,2025-03-30,58,0
"Partner Tech - Partner Offers, Orders, Logistics, Analytics & Steering",2025-03-30,27,0
TRADEBYTE,2025-03-30,35,0
Fulfillment - Transportation,2025-03-30,1,0
3_The Studio,2025-03-30,7621,5
2. Activate,2025-03-30,208,0
3_Elephant Feed,2025-03-30,2031,2
3_ZDS,2025-03-30,24479,44
Team not visible,2025-03-30,226,0
3_BD_Identity,2025-03-30,646,0
2_Loyalty_Plus Points Program,2025-03-30,1778,0
Partner Tech - Articles,2025-03-30,13,0
1_Transactions,2025-03-30,1749,2
1_PRSB,2025-03-30,2975,3
Lounge B2E ðŸ”§,2025-03-30,98,0
3_D&I,2025-03-30,64,0
Fulfillment - FFC,2025-03-30,3,0
4. Decide,2025-03-30,170,0
3_Statement Release - M2,2025-03-30,1894,0
5. Convert,2025-03-30,9,0
3_BD_Campaign design,2025-03-23,6,0
Team not visible,2025-03-23,391,0
1_PRSB,2025-03-23,3531,2
6. Grow,2025-03-23,5,0
1_FPX,2025-03-23,454,6
2. Activate,2025-03-23,202,5
2_Propositions,2025-03-23,400,1
Collabary,2025-03-23,1,0
7_ZMS Creative,2025-03-23,451,0
<Drafts>,2025-03-23,40785,10
3_ZDS,2025-03-23,18740,13
Fulfillment - FFC,2025-03-23,9,0
2_Size & Fit,2025-03-23,5358,5
3_The Studio,2025-03-23,25455,8
3_BD_Identity,2025-03-23,240,0
2_Loyalty_Plus Points Program,2025-03-23,2342,1
Design Lobby,2025-03-23,22,0
ZMS PI&D Team,2025-03-23,467,0
1_Transactions,2025-03-23,8838,4
1_CXP_All,2025-03-23,2397,4
ZDS NEXT LIBRARIES,2025-03-23,7442,0
TRADEBYTE,2025-03-23,86,0
5. Convert,2025-03-23,4,0
Fulfillment - CuCa,2025-03-23,162,0
1_Payments Solutions (ZPS),2025-03-23,120,1
Lounge by Zalando - Brand & Creative - Design Team,2025-03-23,2,0
3_Sustainability,2025-03-23,3344,0
3_Elephant Feed,2025-03-23,2225,1
Partner Tech - Articles,2025-03-23,8,0
3_Statement Release - M2,2025-03-23,703,0
Partner Tech,2025-03-23,8,0
"Partner Tech - Partner Offers, Orders, Logistics, Analytics & Steering",2025-03-23,14,0
4. Decide,2025-03-23,6,1
3_Sustainability,2025-03-16,8369,4
6_Zeos,2025-03-16,5,0
ZMS Landing page,2025-03-16,1,0
3_BD_Performance design,2025-03-16,20,0
1_CXP_All,2025-03-16,6002,0
2. Activate,2025-03-16,297,3
5. Convert,2025-03-16,8,0
Lounge B2E ðŸ”§,2025-03-16,33,0
3_ZDS,2025-03-16,18501,6
3_Elephant Feed,2025-03-16,3878,1
7_ZMS Creative,2025-03-16,950,0
8. CFA - Overarching,2025-03-16,1,0
<Drafts>,2025-03-16,19547,10
2_Loyalty_Plus Points Program,2025-03-16,2859,0
3_BD_Campaign design,2025-03-16,835,0
"Partner Tech - Partner Offers, Orders, Logistics, Analytics & Steering",2025-03-16,1,0
Fulfillment - CuCa,2025-03-16,455,0
1_Payments Solutions (ZPS),2025-03-16,3973,7
ZDS NEXT LIBRARIES,2025-03-16,8200,0
1_FPX,2025-03-16,2040,1
3_The Studio,2025-03-16,12076,6
1_PRSB,2025-03-16,1788,5
Team not visible,2025-03-16,23,0
2_Propositions,2025-03-16,637,0
1_Transactions,2025-03-16,2482,4
Partner Tech - Articles,2025-03-16,9,0
Design Lobby,2025-03-16,45,0
3_Statement Release - M2,2025-03-16,929,0
TRADEBYTE,2025-03-16,9,0
ZMS PI&D Team,2025-03-16,88,3
Partner Tech - Tech & Data Foundation,2025-03-16,11,0
3_BD_Identity,2025-03-16,198,0
2_Size & Fit,2025-03-16,1766,2
1_FPX,2025-03-09,2,0
6_Zeos,2025-03-09,3,0
ZDS NEXT LIBRARIES,2025-03-09,170,0
<Drafts>,2025-03-09,28982,3
2_Size & Fit,2025-03-09,1452,2
3_Sustainability,2025-03-09,7047,2
5. Convert,2025-03-09,74,0
8. CFA - Overarching,2025-03-09,5,0
ZMS PI&D Team,2025-03-09,17,0
7. LUX,2025-03-09,1,0
Partner Tech - Articles,2025-03-09,6,0
3_The Studio,2025-03-09,18837,4
3_BD_Performance design,2025-03-09,748,0
Design Lobby,2025-03-09,232,0
1_PRSB,2025-03-09,1370,3
2. Activate,2025-03-09,63,0
3_Statement Release - M2,2025-03-09,2758,0
1_Transactions,2025-03-09,5608,0
4. Decide,2025-03-09,68,1
7_ZMS Creative,2025-03-09,2436,0
1_CXP_All,2025-03-09,3250,9
1_Payments Solutions (ZPS),2025-03-09,698,0
2_Loyalty_Plus Points Program,2025-03-09,3362,0
Fulfillment - CuCa,2025-03-09,591,2
ZMS Landing page,2025-03-09,30,0
3_ZDS,2025-03-09,27091,4
Zalando Lounge - S&S Tech,2025-03-09,48,0
TRADEBYTE,2025-03-09,44,0
2_Propositions,2025-03-09,1961,1
Lounge B2E ðŸ”§,2025-03-09,60,0
3_D&I,2025-03-09,11,3
3_BD_Identity,2025-03-09,3404,0
Team not visible,2025-03-09,2008,9
3_The Studio,2025-03-02,21678,5
<Drafts>,2025-03-02,10133,0
6. Grow,2025-03-02,3,0
Partner Tech - Articles,2025-03-02,2,0
5. Convert,2025-03-02,6,0
Unified documentation,2025-03-02,78,0
4. Decide,2025-03-02,26,0
7_ZMS Creative,2025-03-02,528,0
Team not visible,2025-03-02,633,0
2_Size & Fit,2025-03-02,6037,35
Fulfillment - Transportation,2025-03-02,1,0
3_Sustainability,2025-03-02,27690,2
2_Propositions,2025-03-02,4196,0
3_BD_Identity,2025-03-02,1596,4
1_CXP_All,2025-03-02,5809,9
3_Statement Release - M2,2025-03-02,4747,0
Fulfillment - CuCa,2025-03-02,240,0
ZDS NEXT LIBRARIES,2025-03-02,6460,0
3_ZDS,2025-03-02,34168,17
1_PRSB,2025-03-02,1296,1
3_BD_Performance design,2025-03-02,56,0
ZZArchive - Goal Based Shopping,2025-03-02,33,0
2_Loyalty_Plus Points Program,2025-03-02,2601,0
2. Activate,2025-03-02,619,0
Partner Tech - Tech & Data Foundation,2025-03-02,205,0
Partner Tech - Assortment & Inbound,2025-03-02,2,0
3_D&I,2025-03-02,77,3
ZMS PI&D Team,2025-03-02,531,0
TRADEBYTE,2025-03-02,11,0
3_Elephant Feed,2025-03-02,48,0
1_Transactions,2025-03-02,10566,1
1_FPX,2025-03-02,492,1
1_Payments Solutions (ZPS),2025-03-02,1473,2
Design Lobby,2025-03-02,143,0
4. Decide,2025-02-23,24,0
Partner Tech_z - Retail Operations (reference),2025-02-23,3,0
"Partner Tech - Partner Offers, Orders, Logistics, Analytics & Steering",2025-02-23,3,0
1_PRSB,2025-02-23,1466,4
3_D&I,2025-02-23,173,0
1_FPX,2025-02-23,743,0
6. Grow,2025-02-23,43,0
3_The Studio,2025-02-23,14207,13
<Drafts>,2025-02-23,32129,6
Partner Tech - Articles,2025-02-23,22,0
Unified documentation,2025-02-23,650,0
3_BD_Performance design,2025-02-23,77,0
Partner Tech,2025-02-23,58,0
Fulfillment - Transportation,2025-02-23,5,0
2_Size & Fit,2025-02-23,2410,2
1_Transactions,2025-02-23,6687,3
Partner Tech - Tech & Data Foundation,2025-02-23,120,0
1_CXP_All,2025-02-23,7604,7
ZMS Landing page,2025-02-23,70,0
3_Sustainability,2025-02-23,25977,5
7_ZMS Creative,2025-02-23,2413,4
Team not visible,2025-02-23,7407,7
1_Payments Solutions (ZPS),2025-02-23,1070,2
8. CFA - Overarching,2025-02-23,33,0
Design Lobby,2025-02-23,58,0
2_Loyalty_Plus Points Program,2025-02-23,2917,0
3_Statement Release - M2,2025-02-23,563,0
Fulfillment - CuCa,2025-02-23,1649,0
3_ZDS,2025-02-23,28493,17
2. Activate,2025-02-23,171,0
2_Propositions,2025-02-23,6412,1
3_BD_Identity,2025-02-23,226,0
TRADEBYTE,2025-02-23,71,0
3_D&I,2025-02-16,3,0
Partner Tech,2025-02-16,25,0
4. Decide,2025-02-16,236,0
3_BD_Campaign design,2025-02-16,1,1
Fulfillment - Transportation,2025-02-16,2,0
Team not visible,2025-02-16,1014,0
7_ZMS Creative,2025-02-16,2408,1
Fulfillment â€“ WMS,2025-02-16,1,0
1_CXP_All,2025-02-16,4981,5
"Partner Tech - Partner Offers, Orders, Logistics, Analytics & Steering",2025-02-16,8,0
1_Payments Solutions (ZPS),2025-02-16,2355,3
ZMS PI&D Team,2025-02-16,672,1
Fulfillment - CuCa,2025-02-16,158,0
2_Propositions,2025-02-16,3876,1
2_Size & Fit,2025-02-16,1509,6
2_Loyalty_Plus Points Program,2025-02-16,1372,0
ZZArchive - Goal Based Shopping,2025-02-16,7,0
3_BD_Corporate Design,2025-02-16,69,0
Partner Tech - Tech & Data Foundation,2025-02-16,4,0
3_Elephant Feed,2025-02-16,26,0
1_PRSB,2025-02-16,1516,2
Unified documentation,2025-02-16,1,0
2. Activate,2025-02-16,203,0
<Drafts>,2025-02-16,25447,16
3_Sustainability,2025-02-16,14617,22
7. LUX,2025-02-16,0,23
6. Grow,2025-02-16,25,0
3_Statement Release - M2,2025-02-16,3167,2
3_BD_Identity,2025-02-16,132,0
ZMS Landing page,2025-02-16,1,0
3_ZDS,2025-02-16,8981,7
3_The Studio,2025-02-16,19133,8
1_Transactions,2025-02-16,3305,0
TRADEBYTE,2025-02-16,214,0
3_BD_Performance design,2025-02-16,738,0
Partner Tech - Articles,2025-02-09,79,0
ZDS NEXT LIBRARIES,2025-02-09,364,0
3_Statement Release - M2,2025-02-09,1101,0
3_Sustainability,2025-02-09,8223,7
"Partner Tech - Partner Offers, Orders, Logistics, Analytics & Steering",2025-02-09,5,1
Fulfillment - CuCa,2025-02-09,251,0
1_FPX,2025-02-09,447,1
Team not visible,2025-02-09,2311,1
1_Transactions,2025-02-09,2899,0
3_ZDS,2025-02-09,12836,5
ZMS PI&D Team,2025-02-09,2095,3
3_D&I,2025-02-09,294,160
1_Payments Solutions (ZPS),2025-02-09,1336,7
Partner Tech - Tech & Data Foundation,2025-02-09,6,0
2_Loyalty_Plus Points Program,2025-02-09,1690,0
<Drafts>,2025-02-09,55997,107
Design Lobby,2025-02-09,16,0
6. Grow,2025-02-09,12,0
1_PRSB,2025-02-09,4061,9
3_BD_Corporate Design,2025-02-09,107,0
3_BD_Identity,2025-02-09,192,0
4. Decide,2025-02-09,41,0
6_Zeos,2025-02-09,3,0
2_Size & Fit,2025-02-09,3660,5
7_ZMS Creative,2025-02-09,3227,0
2. Activate,2025-02-09,283,0
3_The Studio,2025-02-09,8486,17
1_CXP_All,2025-02-09,1692,0
2_Propositions,2025-02-09,577,2
ZMS Landing page,2025-02-09,306,0
7. LUX,2025-02-09,12,12
Partner Tech,2025-02-09,32,0
3_BD_Campaign design,2025-02-09,897,0
3_BD_Performance design,2025-02-09,215,0
TRADEBYTE,2025-02-09,20,0
3_ZDS,2025-02-02,7374,2
3_The Studio,2025-02-02,8028,0
1_Transactions,2025-02-02,1790,0
3_Statement Release - M2,2025-02-02,2040,0
Fulfillment - CuCa,2025-02-02,1105,0
Team not visible,2025-02-02,1302,4
1_PRSB,2025-02-02,374,1
7. LUX,2025-02-02,484,15
2_Loyalty_Plus Points Program,2025-02-02,2223,0
<Drafts>,2025-02-02,38173,15
1_Payments Solutions (ZPS),2025-02-02,4268,0
Design Lobby,2025-02-02,1247,0
3_BD_Identity,2025-02-02,456,0
Fulfillment - Transportation,2025-02-02,7,0
2_Size & Fit,2025-02-02,3710,3
ZMS Landing page,2025-02-02,108,0
Partner Tech_z - Retail Operations (reference),2025-02-02,4,0
3_D&I,2025-02-02,869,1296
1_FPX,2025-02-02,3452,0
Partner Tech,2025-02-02,87,1
2. Activate,2025-02-02,18,0
7_ZMS Creative,2025-02-02,877,0
"Partner Tech - Partner Offers, Orders, Logistics, Analytics & Steering",2025-02-02,13,82
ZMS PI&D Team,2025-02-02,639,0
TRADEBYTE,2025-02-02,811,1
3_BD_Performance design,2025-02-02,233,0
2_Propositions,2025-02-02,972,1
1_CXP_All,2025-02-02,5842,6
Partner Tech - Tech & Data Foundation,2025-02-02,10,0
Partner Tech_z - Zalando Direct (reference),2025-02-02,154,0
3_Sustainability,2025-02-02,33,1
ZDS NEXT LIBRARIES,2025-02-02,4,0
6. Grow,2025-02-02,2,0
ZDS theme libraries (TEST),2025-02-02,21,0
Partner Tech - Articles,2025-02-02,19,0
Unified documentation,2025-01-26,174,0
3_BD_Identity,2025-01-26,76,0
TRADEBYTE,2025-01-26,413,0
3_Statement Release - M2,2025-01-26,1346,0
1_CXP_All,2025-01-26,3137,8
Partner Tech - Tech & Data Foundation,2025-01-26,33,0
Team not visible,2025-01-26,2473,0
3_The Studio,2025-01-26,5438,9
Fulfillment - FFC,2025-01-26,9,0
7_ZMS Creative,2025-01-26,416,0
Partner Tech - Assortment & Inbound,2025-01-26,102,0
Partner Tech,2025-01-26,18,1
"Partner Tech - Partner Offers, Orders, Logistics, Analytics & Steering",2025-01-26,4,0
3_Sustainability,2025-01-26,5698,2
2_Loyalty_Plus Points Program,2025-01-26,6117,1
7. LUX,2025-01-26,2153,0
1_PRSB,2025-01-26,1840,2
3_ZDS,2025-01-26,2124,5
3_Content Design,2025-01-26,459,0
ZMS Landing page,2025-01-26,224,0
Fulfillment - CuCa,2025-01-26,1825,1
1_Payments Solutions (ZPS),2025-01-26,1927,4
<Drafts>,2025-01-26,33394,30
2. Activate,2025-01-26,21,2
Partner Tech - Articles,2025-01-26,63,0
3_BD_Campaign design,2025-01-26,38,1
2_Size & Fit,2025-01-26,4103,0
1_FPX,2025-01-26,1907,1
3_D&I,2025-01-26,525,1
Design Lobby,2025-01-26,64,0
2_Propositions,2025-01-26,3931,1
8. CFA - Overarching,2025-01-26,61,0
1_Transactions,2025-01-26,127,0
3_BD_Corporate Design,2025-01-26,157,0
ZMS PI&D Team,2025-01-26,163,0
Fulfillment - Transportation,2025-01-26,802,0
3_Elephant Feed,2025-01-26,38,0
6_Zeos,2025-01-26,1,0
3_BD_Performance design,2025-01-26,25,4
6. Grow,2025-01-26,46,0
1_Transactions,2025-01-19,15,0
ZMS PI&D Team,2025-01-19,206,0
3_The Studio,2025-01-19,20573,9
ZMS Landing page,2025-01-19,1,0
1_PRSB,2025-01-19,3407,1
6. Grow,2025-01-19,40,0
2_Propositions,2025-01-19,7550,8
3_Sustainability,2025-01-19,4112,3
3_Statement Release - M2,2025-01-19,2642,0
3_Elephant Feed,2025-01-19,125,0
2_Loyalty_Plus Points Program,2025-01-19,300,0
1_CXP_All,2025-01-19,14455,5
Fulfillment - CuCa,2025-01-19,117,1
Partner Tech - Tech & Data Foundation,2025-01-19,15,0
<Drafts>,2025-01-19,7899,10
7_ZMS Creative,2025-01-19,2109,0
TRADEBYTE,2025-01-19,26,0
3_ZDS,2025-01-19,6542,7
3_D&I,2025-01-19,836,57
1_FPX,2025-01-19,616,0
Partner Tech,2025-01-19,5,1
Fulfillment - FFC,2025-01-19,9,0
2_Size & Fit,2025-01-19,4977,8
Fulfillment - Transportation,2025-01-19,49,0
Team not visible,2025-01-19,1240,1
Partner Tech - Articles,2025-01-19,29,0
3_BD_Performance design,2025-01-19,37,0
3_BD_Identity,2025-01-19,377,0
1_Payments Solutions (ZPS),2025-01-19,2343,1
Unified documentation,2025-01-19,204,0
Design Lobby,2025-01-19,71,0
7. LUX,2025-01-19,3643,0
2_Propositions,2025-01-12,1929,3
Fulfillment - FFC,2025-01-12,8,0
"Partner Tech - Partner Offers, Orders, Logistics, Analytics & Steering",2025-01-12,4,0
6_Zeos,2025-01-12,4,0
1_CXP_All,2025-01-12,3501,1
Unified documentation,2025-01-12,392,0
3_Content Design,2025-01-12,1,0
1_PRSB,2025-01-12,2494,5
<Drafts>,2025-01-12,12080,14
3_D&I,2025-01-12,4945,2
7_ZMS Creative,2025-01-12,2016,0
ZMS PI&D Team,2025-01-12,72,0
6. Grow,2025-01-12,2,0
2_Loyalty_Plus Points Program,2025-01-12,452,3
3_ZDS,2025-01-12,11397,2
Team not visible,2025-01-12,737,0
3_The Studio,2025-01-12,6624,3
Fulfillment - Transportation,2025-01-12,89,0
2_Size & Fit,2025-01-12,8029,2
3_Statement Release - M2,2025-01-12,28762,6
7. LUX,2025-01-12,58,0
ZMS Landing page,2025-01-12,65,0
3_Elephant Feed,2025-01-12,194,0
3_Sustainability,2025-01-12,4543,2
1_Transactions,2025-01-12,64,0
TRADEBYTE,2025-01-12,178,0
1_Payments Solutions (ZPS),2025-01-12,480,0
8. CFA - Overarching,2025-01-12,11,0
2. Activate,2025-01-12,12,0
1_FPX,2025-01-12,3227,6
3_BD_Campaign design,2025-01-12,8,0
Partner Tech - Articles,2025-01-12,64,1
Design Lobby,2025-01-12,35,0
2. Activate,2025-01-05,3,0
Fulfillment - FFC,2025-01-05,1,0
8. CFA - Overarching,2025-01-05,1,0
ZZArchive - Goal Based Shopping,2025-01-05,38,0
3_BD_Identity,2025-01-05,3,0
7_ZMS Creative,2025-01-05,2663,0
Partner Tech - Assortment & Inbound,2025-01-05,58,0
ZMS Landing page,2025-01-05,210,0
1_FPX,2025-01-05,4391,3
1_CXP_All,2025-01-05,2956,6
3_The Studio,2025-01-05,7091,6
"Partner Tech - Partner Offers, Orders, Logistics, Analytics & Steering",2025-01-05,2,0
<Drafts>,2025-01-05,33919,8
ZMS PI&D Team,2025-01-05,734,0
6. Grow,2025-01-05,71,0
3_Statement Release - M2,2025-01-05,2954,0
1_Transactions,2025-01-05,977,0
Design Lobby,2025-01-05,17,0
3_BD_Performance design,2025-01-05,223,0
3_Sustainability,2025-01-05,453,1
1_Payments Solutions (ZPS),2025-01-05,4355,4
TRADEBYTE,2025-01-05,66,49
1_PRSB,2025-01-05,470,0
3_D&I,2025-01-05,552,0
7. LUX,2025-01-05,62,0
Team not visible,2025-01-05,2543,6
3_ZDS,2025-01-05,17079,10
3_BD_Campaign design,2025-01-05,18,0
2_Size & Fit,2025-01-05,4962,3
2_Propositions,2025-01-05,761,0
Unified documentation,2025-01-05,846,0
Fulfillment - Transportation,2025-01-05,22,0
Partner Tech - Tech & Data Foundation,2025-01-05,66,0
